Category,Main Category,Sub Category,Product Name,Price,Quantity,Rating,Image URL,Available
dairy bread eggs > milk based drinks,dairy bread eggs,milk based drinks,Amul Probiotic Buttermilk,?14,1 pack (440 ml),"4.7
(153.4k)","https://cdn.zeptonow.com/production/tr:w-403,ar-3000-3000,pr-true,f-auto,q-40,dpr-2/cms/product_variant/e51c1fa2-9349-4bf8-bfde-05222dc43b92.jpeg",Yes
dairy bread eggs > milk based drinks,dairy bread eggs,milk based drinks,Amul Probiotic Tadka Chaas,?10,1 pack (280 ml),"4.9
(111.6k)","https://cdn.zeptonow.com/production/tr:w-403,ar-3000-3000,pr-true,f-auto,q-40,dpr-2/cms/product_variant/37f2596c-d221-4844-8efc-35dc9c9a7283.jpeg",Yes
dairy bread eggs > milk based drinks,dairy bread eggs,milk based drinks,Mother Dairy Probiotic Tadka Chach,?9,1 pack (270 ml),"4.7
(93.1k)","https://cdn.zeptonow.com/production/tr:w-403,ar-1000-1000,pr-true,f-auto,q-40,dpr-2/cms/product_variant/cdad2b37-d056-4cef-92ff-51eab0e814d6.jpg",Yes
dairy bread eggs > milk based drinks,dairy bread eggs,milk based drinks,Mother Dairy Mango Lassi,?19,1 pc (180 ml),"4.8
(24.6k)","https://cdn.zeptonow.com/production/tr:w-403,ar-1000-1000,pr-true,f-auto,q-40,dpr-2/cms/product_variant/d0617c61-896a-4516-b245-5e1e4d512581.jpg",Yes
dairy bread eggs > milk based drinks,dairy bread eggs,milk based drinks,Amul Prolife Probiotic Buttermilk Bottle,?29,1 pc (500 ml),"4.8
(1.9k)","https://cdn.zeptonow.com/production/tr:w-403,ar-3000-3000,pr-true,f-auto,q-40,dpr-2/cms/product_variant/0e08f115-aa91-42fc-a722-a112c3a250ef.jpg",Yes
dairy bread eggs > milk based drinks,dairy bread eggs,milk based drinks,Amul Prolife Probiotic Buttermilk Bottle,?54,1 pc (1 L),"4.9
(2.6k)","https://cdn.zeptonow.com/production/tr:w-403,ar-3000-3000,pr-true,f-auto,q-40,dpr-2/cms/product_variant/e7ca6fce-925a-413f-85af-d31ebc954238.jpeg",Yes
dairy bread eggs > milk based drinks,dairy bread eggs,milk based drinks,Mother Dairy Sweet Lassi,?19,1 pc (180 ml),"4.8
(10.2k)","https://cdn.zeptonow.com/production/tr:w-403,ar-1000-1000,pr-true,f-auto,q-40,dpr-2/cms/product_variant/b5c1b671-08ca-4d38-9508-84d21f7708d6.jpg",Yes
dairy bread eggs > milk based drinks,dairy bread eggs,milk based drinks,Mother Dairy Probiotic Tadka Chach Combo,"?27
?30",3X270ml,"4.6
(322)","https://cdn.zeptonow.com/production/tr:w-403,ar-1200-1200,pr-true,f-auto,q-40,dpr-2/cms/product_variant/24224f8f-3730-40bd-9c5c-d988da37c6ea.jpg",Yes
dairy bread eggs > milk based drinks,dairy bread eggs,milk based drinks,Mother Dairy Probiotic Tadka Chach Combo,"?36
?40",4X270ml,"4.4
(684)","https://cdn.zeptonow.com/production/tr:w-403,ar-1500-1500,pr-true,f-auto,q-40,dpr-2/cms/product_variant/aac526b8-fe5a-40a3-ab90-550d774811d3.jpeg",Yes
dairy bread eggs > milk based drinks,dairy bread eggs,milk based drinks,Amul Probiotic Tadka Chaas Combo,?60,6X280ml,"4.4
(833)","https://cdn.zeptonow.com/production/tr:w-403,ar-1500-1500,pr-true,f-auto,q-40,dpr-2/cms/product_variant/405a8e1c-bbbf-4589-ab25-78f035b10a73.jpg",Yes
dairy bread eggs > milk based drinks,dairy bread eggs,milk based drinks,Heritage A-one Probiotic Spiced Buttermilk,"?21
?25",1 pack (500 ml),"4.6
(30.0k)","https://cdn.zeptonow.com/production/tr:w-403,ar-2000-2000,pr-true,f-auto,q-40,dpr-2/cms/product_variant/df876511-b378-4b36-a9ea-4c35c25a0e0d.jpeg",Yes
dairy bread eggs > fresh bakery,dairy bread eggs,fresh bakery,CakeZone Choco Fudge Brownie,"?28
?30",1 pack (40 g),"4.3
(1.5k)","https://cdn.zeptonow.com/production/tr:w-403,ar-1499-1500,pr-true,f-auto,q-40,dpr-2/cms/product_variant/0b4975e7-5f15-42c8-af56-a0b8442ea7d9.jpeg",Yes
dairy bread eggs > fresh bakery,dairy bread eggs,fresh bakery,Fiesta Veg Chocolate Muffins,"?54
?65",1 pack (6 pcs),"4.5
(111)","https://cdn.zeptonow.com/production/tr:w-403,ar-1024-1024,pr-true,f-auto,q-40,dpr-2/cms/product_variant/19ae947b-303b-467c-ad7f-dee8326e46d3.jpg",Yes
dairy bread eggs > fresh bakery,dairy bread eggs,fresh bakery,CakeZone Double Chocolate Brownie,"?59
?79",1 pack (85 g),"4.4
(550)","https://cdn.zeptonow.com/production/tr:w-403,ar-1499-1500,pr-true,f-auto,q-40,dpr-2/cms/product_variant/ed88a042-86b2-418d-96b9-56916e138330.jpeg",Yes
dairy bread eggs > fresh bakery,dairy bread eggs,fresh bakery,Cake Tale Barcake Date & Walnut,"?55
?69",1 pack (75 g),"4.2
(444)","https://cdn.zeptonow.com/production/tr:w-403,ar-1024-1024,pr-true,f-auto,q-40,dpr-2/cms/product_variant/884900a4-c966-449c-85f8-fb1c462a32a0.jpeg",Yes
dairy bread eggs > fresh bakery,dairy bread eggs,fresh bakery,Fiesta Veg Vanilla Muffins,"?54
?65",1 pack (6 pcs),"4.5
(106)","https://cdn.zeptonow.com/production/tr:w-403,ar-1024-1024,pr-true,f-auto,q-40,dpr-2/cms/product_variant/341a0010-f3bc-4ea7-a453-b7a8dbd088ef.jpg",Yes
dairy bread eggs > fresh bakery,dairy bread eggs,fresh bakery,CakeZone Walnut Brownie,"?66
?79",1 pack (80 g),"4.5
(489)","https://cdn.zeptonow.com/production/tr:w-403,ar-1499-1500,pr-true,f-auto,q-40,dpr-2/cms/product_variant/f3721d4e-0daf-4938-94e9-7fda462dde08.jpeg",Yes
dairy bread eggs > fresh bakery,dairy bread eggs,fresh bakery,Fiesta Veg Tutty Fruity Muffins,"?54
?65",1 pack (6 pcs),"4.5
(64)","https://cdn.zeptonow.com/production/tr:w-403,ar-1024-1024,pr-true,f-auto,q-40,dpr-2/cms/product_variant/bae71d60-405d-4033-b73e-b9d752c344a1.jpg",Yes
dairy bread eggs > fresh bakery,dairy bread eggs,fresh bakery,The Health Factory Mini Cakes - Berry Blast | Zero Maida,"?59
?70",1 pack (70 g),"4.5
(248)","https://cdn.zeptonow.com/production/tr:w-403,ar-1200-1200,pr-true,f-auto,q-40,dpr-2/cms/product_variant/2efa6947-abab-4611-b222-e10ad58423d2.jpg",Yes
dairy bread eggs > fresh bakery,dairy bread eggs,fresh bakery,The Health Factory Mini Cakes - Roasted Almonds | Zero Maida,"?59
?70",1 pack (70 g),"4.4
(235)","https://cdn.zeptonow.com/production/tr:w-403,ar-1200-1200,pr-true,f-auto,q-40,dpr-2/cms/product_variant/5d671d2b-d8e9-4038-9bb0-6b3d21f590c7.jpg",Yes
dairy bread eggs > fresh bakery,dairy bread eggs,fresh bakery,Cake Tale Barcake Fruit & Nutty,"?52
?65",1 pack (75 g),"3.6
(443)","https://cdn.zeptonow.com/production/tr:w-403,ar-1499-1500,pr-true,f-auto,q-40,dpr-2/cms/product_variant/dc31e8d4-a049-4b03-ab36-26bd40319d10.jpeg",Yes
dairy bread eggs > fresh bakery,dairy bread eggs,fresh bakery,Theobroma Big Cookie - Chocolate Chip Cookie,"?94
?105",1 pack (60 g),"4.2
(48)","https://cdn.zeptonow.com/production/tr:w-403,ar-2500-2500,pr-true,f-auto,q-40,dpr-2/cms/product_variant/90fb3b95-3a3f-4c81-8cc2-6fd91a31d1c2.jpeg",Yes
dairy bread eggs > fresh bakery,dairy bread eggs,fresh bakery,CakeZone Date & Raisin Cake,"?99
?129",1 pack (180 g),"4.4
(289)","https://cdn.zeptonow.com/production/tr:w-403,ar-1499-1500,pr-true,f-auto,q-40,dpr-2/cms/product_variant/6356d717-44b9-4ffa-b3fe-228b68efc1aa.jpeg",Yes
dairy bread eggs > fresh bakery,dairy bread eggs,fresh bakery,Cake Tale Muffin Vanilla Chocochip,"?111
?139",1 pack (150 g),"4.1
(89)","https://cdn.zeptonow.com/production/tr:w-403,ar-2184-2046,pr-true,f-auto,q-40,dpr-2/cms/product_variant/05a36f33-bd0a-4348-922b-4cc351cf0b43.jpeg",Yes
dairy bread eggs > fresh bakery,dairy bread eggs,fresh bakery,Theobroma Eggless Walnut Brownie,"?85
?95",1 pack (65 g),"3.9
(97)","https://cdn.zeptonow.com/production/tr:w-403,ar-2500-2500,pr-true,f-auto,q-40,dpr-2/cms/product_variant/6d0b1b91-c660-490f-acc4-09eabce34035.jpeg",Yes
dairy bread eggs > fresh bakery,dairy bread eggs,fresh bakery,Aaha Life Fresh Double Chocochip Cake | Eggless,"?68
?140",1 pack (120 g),"3.9
(93)","https://cdn.zeptonow.com/production/tr:w-403,ar-2000-2000,pr-true,f-auto,q-40,dpr-2/cms/product_variant/757fe8e2-5dc3-451a-8ee5-5ef59b68dfde.jpg",Yes
dairy bread eggs > fresh bakery,dairy bread eggs,fresh bakery,Cake Tale Muffin Chocochip,"?114
?149",1 pack (150 g),"4.5
(183)","https://cdn.zeptonow.com/production/tr:w-403,ar-1024-1024,pr-true,f-auto,q-40,dpr-2/cms/product_variant/7e5a3534-f1e9-4a63-a2f7-3743375941e7.jpeg",Yes
dairy bread eggs > fresh bakery,dairy bread eggs,fresh bakery,Aaha Life Fresh Milk Cake | Eggless,"?68
?140",1 pack (120 g),"4
(35)","https://cdn.zeptonow.com/production/tr:w-403,ar-2000-2000,pr-true,f-auto,q-40,dpr-2/cms/product_variant/7d7de46e-5d88-47a2-a352-2eed1e31ed3f.jpg",Yes
dairy bread eggs > fresh bakery,dairy bread eggs,fresh bakery,Aaha Life Fresh Brownie | Eggless,"?48
?99",1 pack (50 g),"3.8
(86)","https://cdn.zeptonow.com/production/tr:w-403,ar-2000-2000,pr-true,f-auto,q-40,dpr-2/cms/product_variant/7676165e-9485-4164-90da-98c3e10c1bc9.jpg",Yes
dairy bread eggs > fresh bakery,dairy bread eggs,fresh bakery,Aaha Life Fresh Mix Fruit Cake | Eggless,"?68
?140",1 pack (120 g),"4.2
(51)","https://cdn.zeptonow.com/production/tr:w-403,ar-2000-2000,pr-true,f-auto,q-40,dpr-2/cms/product_variant/209aba33-48dd-45d7-8be6-bc8fd11be327.jpg",Yes
dairy bread eggs > fresh bakery,dairy bread eggs,fresh bakery,Cakezone Marble Teacake,"?105
?129",1 pack (180 g),"4.4
(86)","https://cdn.zeptonow.com/production/tr:w-403,ar-1499-1500,pr-true,f-auto,q-40,dpr-2/cms/product_variant/0eb46348-983c-438c-975b-69a0413888ec.jpeg",Yes
dairy bread eggs > fresh bakery,dairy bread eggs,fresh bakery,Cake Tale Barcake Vanilla Chocochip,"?162
?179",1 pack (200 g),"4.1
(56)","https://cdn.zeptonow.com/production/tr:w-403,ar-1600-1600,pr-true,f-auto,q-40,dpr-2/cms/product_variant/ee323e9e-a87c-4d3b-83de-c2eb12d84fa8.jpeg",Yes
dairy bread eggs > fresh bakery,dairy bread eggs,fresh bakery,Cake Tale Barcake Chocochip,"?62
?69",1 pack (75 g),"4.1
(95)","https://cdn.zeptonow.com/production/tr:w-403,ar-1080-1080,pr-true,f-auto,q-40,dpr-2/cms/product_variant/dc7d5c17-99dd-4a3d-adbd-2671b2dd167d.jpeg",Yes
dairy bread eggs > fresh bakery,dairy bread eggs,fresh bakery,Cake Tale Muffin Chocochunk | Single,"?71
?89",1 pack (80 g),"4.7
(436)","https://cdn.zeptonow.com/production/tr:w-403,ar-1024-1024,pr-true,f-auto,q-40,dpr-2/cms/product_variant/4026d6ea-9eaa-4055-b2c4-296b7ce080d9.jpeg",Yes
dairy bread eggs > fresh bakery,dairy bread eggs,fresh bakery,Smoor True Christmas Plum Cake | Eggless,"?443
?650",1 pack (250 g),"4.5
(547)","https://cdn.zeptonow.com/production/tr:w-403,ar-2988-2988,pr-true,f-auto,q-40,dpr-2/cms/product_variant/c86fe91d-5528-4683-a9c5-107b029bd732.jpeg",Yes
dairy bread eggs > fresh bakery,dairy bread eggs,fresh bakery,Cake Tale Muffin Chocochip | Single,"?71
?89",1 pack (80 g),"4.2
(34)","https://cdn.zeptonow.com/production/tr:w-403,ar-2560-2560,pr-true,f-auto,q-40,dpr-2/cms/product_variant/e8b71a68-627a-4920-a0d1-65ef81c3b471.jpeg",Yes
dairy bread eggs > fresh bakery,dairy bread eggs,fresh bakery,Fiesta Pure Veg Chocolate Marble Bar,"?104
?125",1 pack (200 g),"4.6
(268)","https://cdn.zeptonow.com/production/tr:w-403,ar-1024-1024,pr-true,f-auto,q-40,dpr-2/cms/product_variant/156cff4b-c837-4d84-8cdb-be2996c5be71.jpg",Yes
dairy bread eggs > fresh bakery,dairy bread eggs,fresh bakery,The Health Factory Mini Cakes- Rich Vanilla | Zero Maida,"?50
?60",1 pack (70 g),"4.3
(285)","https://cdn.zeptonow.com/production/tr:w-403,ar-1200-1200,pr-true,f-auto,q-40,dpr-2/cms/product_variant/1fb3cfd7-000c-454a-87f7-f3315ef800d0.jpg",Yes
dairy bread eggs > fresh bakery,dairy bread eggs,fresh bakery,Cakezone Classic Plum Cake | Eggless/Veg | Soft & Delicious,"?77
?109",1 pack (150 g),"4
(122)","https://cdn.zeptonow.com/production/tr:w-403,ar-2988-2988,pr-true,f-auto,q-40,dpr-2/cms/product_variant/cbdd0032-24ac-492a-9acd-02ba1ab09bba.jpeg",Yes
dairy bread eggs > fresh bakery,dairy bread eggs,fresh bakery,CakeZone Banana Walnut Cake,"?105
?129",1 pack (180 g),"4.2
(286)","https://cdn.zeptonow.com/production/tr:w-403,ar-1499-1500,pr-true,f-auto,q-40,dpr-2/cms/product_variant/e84f4f43-6108-4348-a682-14c6911013d3.jpeg",Yes
dairy bread eggs > fresh bakery,dairy bread eggs,fresh bakery,Theobroma Chocolate Chip Cookies,"?265
?295",1 pack (140 g),"3.4
(42)","https://cdn.zeptonow.com/production/tr:w-403,ar-2500-2500,pr-true,f-auto,q-40,dpr-2/cms/product_variant/8790048f-09bd-4cae-9615-f0f163a02441.jpeg",Yes
dairy bread eggs > fresh bakery,dairy bread eggs,fresh bakery,Theobroma Celebration Plum Cake | Eggless/Veg,"?390
?490",1 pack (350 g),"4.5
(112)","https://cdn.zeptonow.com/production/tr:w-403,ar-2988-2988,pr-true,f-auto,q-40,dpr-2/cms/product_variant/ecee4ce4-d96b-4083-a75a-1408b8ed215d.jpeg",Yes
dairy bread eggs > fresh bakery,dairy bread eggs,fresh bakery,Aaha Life Fresh Tutty Fruity Muffin | Eggless,"?48
?100",1 pack (4 x 30 g),"4.3
(140)","https://cdn.zeptonow.com/production/tr:w-403,ar-2000-2000,pr-true,f-auto,q-40,dpr-2/cms/product_variant/270deb0d-5882-440c-8ce5-fab6892ecfc1.jpg",Yes
dairy bread eggs > paneer cream,dairy bread eggs,paneer cream,Amul Fresh Malai Paneer,"?87
?92",1 pack (200 g),"4.7
(309.0k)","https://cdn.zeptonow.com/production/tr:w-403,ar-2400-2400,pr-true,f-auto,q-40,dpr-2/cms/product_variant/ea26ac16-e17e-4364-aafb-ef78db990f30.jpg",Yes
dairy bread eggs > paneer cream,dairy bread eggs,paneer cream,Milky Mist Paneer,"?70
?130",1 pack (200 g),"4.6
(77.0k)","https://cdn.zeptonow.com/production/tr:w-403,ar-1600-1600,pr-true,f-auto,q-40,dpr-2/cms/product_variant/bdabbe58-cf0e-422c-b7d1-b811fa13bdf7.jpeg",Yes
dairy bread eggs > paneer cream,dairy bread eggs,paneer cream,Amul Fresh Cream,"?63
?70",1 pc (250 ml),"4.9
(59.2k)","https://cdn.zeptonow.com/production/tr:w-403,ar-1200-1200,pr-true,f-auto,q-40,dpr-2/cms/product_variant/2a89bb87-f1cd-46eb-9fc0-49741625eac2.jpeg",Yes
dairy bread eggs > paneer cream,dairy bread eggs,paneer cream,Mother Dairy Fresh Paneer,"?88
?96",1 pack (200 g),"4.7
(99.0k)","https://cdn.zeptonow.com/production/tr:w-403,ar-2400-2400,pr-true,f-auto,q-40,dpr-2/cms/product_variant/b9951a58-c554-4879-9390-8e61187770b5.jpg",Yes
dairy bread eggs > paneer cream,dairy bread eggs,paneer cream,iD Fresh Soft & Creamy Paneer,"?102
?134",1 pack (200 g),"4.6
(9.5k)","https://cdn.zeptonow.com/production/tr:w-403,ar-1200-1200,pr-true,f-auto,q-40,dpr-2/cms/product_variant/fd04f128-dfd4-432c-a189-5e22c8d78f28.jpeg",Yes
dairy bread eggs > paneer cream,dairy bread eggs,paneer cream,Amul Khoa,"?90
?95",1 pack (200 g),"4.6
(8.8k)","https://cdn.zeptonow.com/production/tr:w-403,ar-1000-1000,pr-true,f-auto,q-40,dpr-2/cms/product_variant/4285b438-d95f-4841-8e9e-1261a9ca18f8.jpg",Yes
dairy bread eggs > paneer cream,dairy bread eggs,paneer cream,Desi Farms Low Fat Paneer,"?69
?96",1 pack (200 g),"4.3
(14.2k)","https://cdn.zeptonow.com/production/tr:w-403,ar-2400-2400,pr-true,f-auto,q-40,dpr-2/cms/product_variant/7140f4b8-4bf6-44eb-9863-ba1cb7be1479.jpeg",Yes
dairy bread eggs > paneer cream,dairy bread eggs,paneer cream,Gowardhan Fresh Paneer- Block,"?89
?105",1 pack (200 g),"4.7
(30.6k)","https://cdn.zeptonow.com/production/tr:w-403,ar-1200-1200,pr-true,f-auto,q-40,dpr-2/cms/product_variant/c0a38dd0-f8df-43d2-99ae-36b5530b1482.jpeg",Yes
dairy bread eggs > paneer cream,dairy bread eggs,paneer cream,Gowardhan Paneer Pouch,"?190
?245",1 pack (500 g),"4.9
(10.6k)","https://cdn.zeptonow.com/production/tr:w-403,ar-2400-2400,pr-true,f-auto,q-40,dpr-2/cms/product_variant/28a43e31-8a1b-4001-aa1e-7d54ca229ce9.jpeg",Yes
dairy bread eggs > paneer cream,dairy bread eggs,paneer cream,Milky Mist High Protein Paneer,"?115
?150",1 pack (200 g),"4.6
(18.3k)","https://cdn.zeptonow.com/production/tr:w-403,ar-1200-1200,pr-true,f-auto,q-40,dpr-2/cms/product_variant/8cd95c47-e10f-42a2-aa78-4e2a767c875d.jpg",Yes
dairy bread eggs > paneer cream,dairy bread eggs,paneer cream,Punjab Sind Low Fat Paneer,?130,1 pack (200 g),"4.4
(2.1k)","https://cdn.zeptonow.com/production/tr:w-403,ar-2400-2400,pr-true,f-auto,q-40,dpr-2/cms/product_variant/ece2583b-bfb2-4062-baac-1ab70a558e4e.jpeg",Yes
dairy bread eggs > paneer cream,dairy bread eggs,paneer cream,Punjab Sind Fresh Premium Malai Paneer,?135,1 pack (200 g),"3.6
(1.5k)","https://cdn.zeptonow.com/production/tr:w-403,ar-2400-2400,pr-true,f-auto,q-40,dpr-2/cms/product_variant/2c90a04e-a745-4fc7-9ac6-1eaedf18f7fd.jpg",Yes
dairy bread eggs > paneer cream,dairy bread eggs,paneer cream,Amul Fresh Cream,"?216
?230",1 pc (1 L),"5
(8.7k)","https://cdn.zeptonow.com/production/tr:w-403,ar-1200-1200,pr-true,f-auto,q-40,dpr-2/cms/product_variant/741f9717-40d0-4567-9d3a-a9a08fc95abb.jpeg",Yes
dairy bread eggs > paneer cream,dairy bread eggs,paneer cream,Soyarich Tofu - Premium,"?72
?80",1 pack (200 g),"4.5
(3.3k)","https://cdn.zeptonow.com/production/tr:w-403,ar-2400-2400,pr-true,f-auto,q-40,dpr-2/cms/product_variant/5252fcdb-455c-411b-880d-00c49717b1ed.jpeg",Yes
dairy bread eggs > paneer cream,dairy bread eggs,paneer cream,D'lecta Dairy Fresh Cream,"?51
?65",1 pack (200 ml),"4.4
(17.8k)","https://cdn.zeptonow.com/production/tr:w-403,ar-1000-1000,pr-true,f-auto,q-40,dpr-2/cms/product_variant/81cf2cca-f52e-46d0-9243-f5c1dddd4828.jpeg",Yes
dairy bread eggs > paneer cream,dairy bread eggs,paneer cream,Bio Nutrients Pure Diet Soy Tofu Paneer,"?55
?57",1 pack (200 g),"4
(27.2k)","https://cdn.zeptonow.com/production/tr:w-403,ar-1794-2120,pr-true,f-auto,q-40,dpr-2/cms/product_variant/bd937669-5af6-489d-8d7d-8a7a4c5b972a.jpg",Yes
dairy bread eggs > paneer cream,dairy bread eggs,paneer cream,Country Delight - Taaza Paneer,"?105
?127",1 pack (180 g),"4.9
(4.0k)","https://cdn.zeptonow.com/production/tr:w-403,ar-1000-1000,pr-true,f-auto,q-40,dpr-2/cms/product_variant/e4c703b0-0ea1-489d-9d5f-752c2629af9c.png",Yes
dairy bread eggs > paneer cream,dairy bread eggs,paneer cream,Amul Frozen Malai Paneer,"?89
?95",1 pack (200 g),"4.6
(11.4k)","https://cdn.zeptonow.com/production/tr:w-403,ar-1200-1200,pr-true,f-auto,q-40,dpr-2/cms/product_variant/7e1b0c2c-d7ad-43b9-957e-659eb9207ebc.jpeg",Yes
dairy bread eggs > paneer cream,dairy bread eggs,paneer cream,Heritage Fresh Paneer,"?91
?115",1 pack (200 g),"4.6
(64.0k)","https://cdn.zeptonow.com/production/tr:w-403,ar-1500-1500,pr-true,f-auto,q-40,dpr-2/cms/product_variant/3381e20b-dea2-44a2-9c5f-a0884fdbe524.jpeg",Yes
dairy bread eggs > paneer cream,dairy bread eggs,paneer cream,Humpy Farms A2 Paneer,"?142
?170",1 pack (200 g),"4.1
(1.1k)","https://cdn.zeptonow.com/production/tr:w-403,ar-2400-2400,pr-true,f-auto,q-40,dpr-2/cms/product_variant/3aa25b6e-fdc6-4a59-9f53-0673dbf5b1b6.jpeg",Yes
dairy bread eggs > paneer cream,dairy bread eggs,paneer cream,Pride Of Cows Paneer Pouch,"?191
?195",1 pack (200 g),"4.7
(1.8k)","https://cdn.zeptonow.com/production/tr:w-403,ar-1125-1125,pr-true,f-auto,q-40,dpr-2/cms/product_variant/d83119bb-9e3a-4ee9-9d9a-af1f22bcf625.jpeg",Yes
dairy bread eggs > paneer cream,dairy bread eggs,paneer cream,Health On Plants Classic Tofu,"?119
?140",1 pack (200 g),"4.1
(464)","https://cdn.zeptonow.com/production/tr:w-403,ar-1200-1200,pr-true,f-auto,q-40,dpr-2/cms/product_variant/68f1a41f-f3ac-4e46-aad0-be62ff5fea5f.jpeg",Yes
dairy bread eggs > paneer cream,dairy bread eggs,paneer cream,Milky Mist Paneer,"?199
?325",1 pack (500 g),"4.7
(15.2k)","https://cdn.zeptonow.com/production/tr:w-403,ar-1600-1600,pr-true,f-auto,q-40,dpr-2/cms/product_variant/f17bdc30-cee6-4233-811a-2b545b195889.jpeg",Yes
dairy bread eggs > paneer cream,dairy bread eggs,paneer cream,Soyarich Tofu - Mint & Chilli,"?80
?89",1 pack (200 g),"4.6
(771)","https://cdn.zeptonow.com/production/tr:w-403,ar-527-629,pr-true,f-auto,q-40,dpr-2/cms/product_variant/bf169779-9b64-49b4-b948-f7476da25958.jpg",Yes
dairy bread eggs > paneer cream,dairy bread eggs,paneer cream,Health On Plants Smoked Tofu,"?139
?185",1 pack (180 g),"4.5
(94)","https://cdn.zeptonow.com/production/tr:w-403,ar-5379-5380,pr-true,f-auto,q-40,dpr-2/cms/product_variant/5c4d9591-0bcd-468f-9d76-d856a431fbf3.jpg",Yes
dairy bread eggs > paneer cream,dairy bread eggs,paneer cream,Milky Mist Briyas Tofu Paneer,"?78
?99",1 pack (200 g),"4.5
(8.4k)","https://cdn.zeptonow.com/production/tr:w-403,ar-1500-1500,pr-true,f-auto,q-40,dpr-2/cms/product_variant/55e6ec89-f6df-4ff6-a921-7d541435380d.jpeg",Yes
dairy bread eggs > paneer cream,dairy bread eggs,paneer cream,Mooz Plain Tofu,"?83
?100",1 pack (200 g),"4.7
(190)","https://cdn.zeptonow.com/production/tr:w-403,ar-2000-2000,pr-true,f-auto,q-40,dpr-2/cms/product_variant/aff01934-48d1-4b30-9a2e-58b08b2b2da4.jpeg",Yes
dairy bread eggs > paneer cream,dairy bread eggs,paneer cream,Pride of Cows Low Fat High Protein Paneer,"?207
?235",1 pack (200 g),"4.4
(424)","https://cdn.zeptonow.com/production/tr:w-403,ar-1280-1280,pr-true,f-auto,q-40,dpr-2/cms/product_variant/ab2d6908-bded-463c-9696-07d0788b8ea8.jpg",Yes
dairy bread eggs > paneer cream,dairy bread eggs,paneer cream,Desi Farms A2 Paneer,"?114
?140",1 pack (200 g),"4.2
(2.6k)","https://cdn.zeptonow.com/production/tr:w-403,ar-2400-2400,pr-true,f-auto,q-40,dpr-2/cms/product_variant/326271f3-4e13-4224-baf2-2e9c7bce92c7.jpeg",Yes
dairy bread eggs > paneer cream,dairy bread eggs,paneer cream,Hello Tempayy 40g Protein Szechuan Tempeh Cubes | Low Fat & High Fibre,"?137
?175",1 pack (200 g),"4.1
(559)","https://cdn.zeptonow.com/production/tr:w-403,ar-1080-1080,pr-true,f-auto,q-40,dpr-2/cms/product_variant/843aa042-1cba-4f5c-80ec-793e69322be1.jpeg",Yes
dairy bread eggs > paneer cream,dairy bread eggs,paneer cream,Cremeitalia Sour Cream,"?202
?225",1 pc (200 g),"4.4
(167)","https://cdn.zeptonow.com/production/tr:w-403,ar-2400-2400,pr-true,f-auto,q-40,dpr-2/cms/product_variant/cbf0015d-927f-4dfa-9601-fc81e29942b6.jpeg",Yes
dairy bread eggs > paneer cream,dairy bread eggs,paneer cream,Bio Nutrients Pure Diet Gold Tofu Paneer,"?72
?75",1 pack (200 g),"4.1
(3.4k)","https://cdn.zeptonow.com/production/tr:w-403,ar-2400-2400,pr-true,f-auto,q-40,dpr-2/cms/product_variant/969aaba6-e20c-4ecf-a8eb-4905b5deddb4.jpg",Yes
dairy bread eggs > batters mixes,dairy bread eggs,batters mixes,iD Fresh Idli & Dosa Batter,"?85
?100",1 pack (1 kg),"4.6
(102.4k)","https://cdn.zeptonow.com/production/tr:w-403,ar-1080-1080,pr-true,f-auto,q-40,dpr-2/cms/product_variant/df0e95c6-7fd2-46af-a251-b84ce5de86a9.jpeg",Yes
dairy bread eggs > batters mixes,dairy bread eggs,batters mixes,Khetika Fresh Idli Dosa Batter,"?58
?99",1 pack (1 kg),"4.7
(23.2k)","https://cdn.zeptonow.com/production/tr:w-403,ar-750-750,pr-true,f-auto,q-40,dpr-2/cms/product_variant/db867dab-23ea-4212-88c1-c1030dd1e8da.jpeg",Yes
dairy bread eggs > batters mixes,dairy bread eggs,batters mixes,Superr Idli & Dosa Batter,"?47
?75",1 pack (1 kg),"4.4
(2.8k)","https://cdn.zeptonow.com/production/tr:w-403,ar-4167-4167,pr-true,f-auto,q-40,dpr-2/cms/product_variant/69961774-2047-49ef-bfa4-6361b39cb4bd.jpeg",Yes
dairy bread eggs > batters mixes,dairy bread eggs,batters mixes,iD Fresh Idli & Dosa Batter,"?142
?175",1 pack (2 kg),"4.6
(69.1k)","https://cdn.zeptonow.com/production/tr:w-403,ar-1200-1200,pr-true,f-auto,q-40,dpr-2/cms/product_variant/28e35241-6a2d-4ba4-b8a7-96d0ff68410d.jpeg",Yes
dairy bread eggs > batters mixes,dairy bread eggs,batters mixes,iD Fresh Idli & Dosa Batter,"?54
?60",1 pack (500 g),"4.5
(44.8k)","https://cdn.zeptonow.com/production/tr:w-403,ar-1200-1200,pr-true,f-auto,q-40,dpr-2/cms/product_variant/aa678e5d-5a44-470f-828c-f438ff2546d1.jpeg",Yes
dairy bread eggs > batters mixes,dairy bread eggs,batters mixes,Khetika Coconut Chutney,"?38
?49",1 pack (120 g),"4.1
(1.2k)","https://cdn.zeptonow.com/production/tr:w-403,ar-2667-2667,pr-true,f-auto,q-40,dpr-2/cms/product_variant/c61eab2c-894d-4dc4-a6c7-e5639fb6e35f.jpeg",Yes
dairy bread eggs > batters mixes,dairy bread eggs,batters mixes,Daily Good Idly & Dosa Batter,"?69
?120",1 pack (1 kg),"4.6
(41.4k)","https://cdn.zeptonow.com/production/tr:w-403,ar-1600-1592,pr-true,f-auto,q-40,dpr-2/cms/product_variant/efbad9d5-e79b-484a-9c19-4654343f2c96.jpeg",Yes
dairy bread eggs > batters mixes,dairy bread eggs,batters mixes,iD Fresh Tomato Chutney,?52,1 pack (120 g),"4.7
(5.9k)","https://cdn.zeptonow.com/production/tr:w-403,ar-450-450,pr-true,f-auto,q-40,dpr-2/cms/product_variant/0fff3b05-084f-447c-bfea-6237c07728c3.jpg",Yes
dairy bread eggs > batters mixes,dairy bread eggs,batters mixes,iD Fresh Ragi Millet Idly & Dosa Batter,"?62
?65",1 pack (500 g),"4.6
(2.4k)","https://cdn.zeptonow.com/production/tr:w-403,ar-1000-1000,pr-true,f-auto,q-40,dpr-2/cms/product_variant/08dd3305-9403-4825-9aaf-9158889713f7.jpeg",Yes
dairy bread eggs > batters mixes,dairy bread eggs,batters mixes,iD Fresh Protein-Rich Idly & Dosa Batter,"?70
?90",1 pack (500 g),"4.3
(2.0k)","https://cdn.zeptonow.com/production/tr:w-403,ar-4500-4500,pr-true,f-auto,q-40,dpr-2/cms/product_variant/65b5b351-6b83-424f-a26a-f54c934c656f.jpeg",Yes
dairy bread eggs > batters mixes,dairy bread eggs,batters mixes,Khetika Tomato Chutney,"?38
?49",1 pack (120 g),"4.2
(1.2k)","https://cdn.zeptonow.com/production/tr:w-403,ar-1000-1000,pr-true,f-auto,q-40,dpr-2/cms/product_variant/19b63aae-bad9-4516-add2-9a0e252845f3.jpeg",Yes
dairy bread eggs > batters mixes,dairy bread eggs,batters mixes,Khetika Ragi Millet Dosa Batter,"?86
?125",1 pack (1 kg),"4.5
(2.1k)","https://cdn.zeptonow.com/production/tr:w-403,ar-750-750,pr-true,f-auto,q-40,dpr-2/cms/product_variant/57e92061-84e9-4e5d-9a78-ae0f8e4732ae.jpeg",Yes
dairy bread eggs > batters mixes,dairy bread eggs,batters mixes,Khetika Moong Chilla Batter,"?73
?125",1 pack (1 kg),"4
(1.2k)","https://cdn.zeptonow.com/production/tr:w-403,ar-750-750,pr-true,f-auto,q-40,dpr-2/cms/product_variant/3cf4d7a8-3d7f-41f7-8904-953d3c3bf871.jpeg",Yes
dairy bread eggs > batters mixes,dairy bread eggs,batters mixes,iD Fresh Peanut Chutney,?52,1 pack (120 g),"4.6
(6.4k)","https://cdn.zeptonow.com/production/tr:w-403,ar-450-450,pr-true,f-auto,q-40,dpr-2/cms/product_variant/a21b0101-31c2-4325-8aaa-67670344d9bd.jpg",Yes
dairy bread eggs > batters mixes,dairy bread eggs,batters mixes,iD Fresh Liquid Sambar (Heat & Eat),"?98
?100",1 pack (350 g),"4.3
(2.5k)","https://cdn.zeptonow.com/production/tr:w-403,ar-1080-1080,pr-true,f-auto,q-40,dpr-2/cms/product_variant/84f5efb6-55a9-4129-9ce1-43947a4288f4.jpg",Yes
dairy bread eggs > batters mixes,dairy bread eggs,batters mixes,Ammamma's Coconut Chana Chutney,?44,1 pack (100 g),"4
(1.8k)","https://cdn.zeptonow.com/production/tr:w-403,ar-2400-2400,pr-true,f-auto,q-40,dpr-2/cms/product_variant/3e363974-726b-44a7-8fb0-50b40dde90ea.jpeg",Yes
dairy bread eggs > batters mixes,dairy bread eggs,batters mixes,iD Fresh Coriander Chutney,?52,1 pack (120 g),"4.8
(2.6k)","https://cdn.zeptonow.com/production/tr:w-403,ar-450-450,pr-true,f-auto,q-40,dpr-2/cms/product_variant/3739cf00-bae2-4cc0-a99a-78a68af234c1.jpg",Yes
dairy bread eggs > batters mixes,dairy bread eggs,batters mixes,Daily Good Idly And Dosa Batter,"?46
?65",1 pack (500 g),"4.7
(7.3k)","https://cdn.zeptonow.com/production/tr:w-403,ar-2250-2250,pr-true,f-auto,q-40,dpr-2/cms/product_variant/0d914c97-b2c1-44b4-89ad-5381a140d3df.jpeg",Yes
dairy bread eggs > batters mixes,dairy bread eggs,batters mixes,Rishta Multi Grain Idli Dosa Batter,"?134
?168",1 pack (800 g),"4.4
(1.8k)","https://cdn.zeptonow.com/production/tr:w-403,ar-1500-1500,pr-true,f-auto,q-40,dpr-2/cms/product_variant/c85f7e06-5acf-4a37-a130-e227bda7e4eb.jpeg",Yes
dairy bread eggs > batters mixes,dairy bread eggs,batters mixes,Yours Freshly Ragi Dosa & Idli Batter (0% Rice),"?86
?110",1 pack (1 kg),"4.6
(1.0k)","https://cdn.zeptonow.com/production/tr:w-403,ar-1080-1080,pr-true,f-auto,q-40,dpr-2/cms/product_variant/3560e60f-3a2f-4c9c-b875-15c0692a2fbe.jpeg",Yes
dairy bread eggs > batters mixes,dairy bread eggs,batters mixes,Khetika Fresh Idli Dosa Batter,"?49
?59",1 pack (500 gm),"4.5
(2.5k)","https://cdn.zeptonow.com/production/tr:w-403,ar-1000-1000,pr-true,f-auto,q-40,dpr-2/cms/product_variant/ca3a0fab-6ba1-49f5-8b49-5382af1d763d.jpeg",Yes
dairy bread eggs > batters mixes,dairy bread eggs,batters mixes,Yours Freshly Millets Dosa and Idli Batter (0% Rice),"?49
?65",1 pack (500 g),"4
(1.3k)","https://cdn.zeptonow.com/production/tr:w-403,ar-1080-1080,pr-true,f-auto,q-40,dpr-2/cms/product_variant/da61e496-fd18-4c75-b766-8d8ad4a370db.jpeg",Yes
dairy bread eggs > batters mixes,dairy bread eggs,batters mixes,Khetika Ragi Millet Dosa Batter,"?61
?79",1 pack (500 g),"4.3
(1.3k)","https://cdn.zeptonow.com/production/tr:w-403,ar-1024-1024,pr-true,f-auto,q-40,dpr-2/cms/product_variant/8fdcf747-ac6a-4e1d-8b65-a6f1b1510db5.jpeg",Yes
dairy bread eggs > batters mixes,dairy bread eggs,batters mixes,iD Fresh Multigrain Idly & Dosa Batter,"?90
?95",1 pack (500 g),"4.9
(2.0k)","https://cdn.zeptonow.com/production/tr:w-403,ar-1000-1000,pr-true,f-auto,q-40,dpr-2/cms/product_variant/ec4a63da-d305-4f8d-9ea9-3335f54d63cb.jpeg",Yes
dairy bread eggs > batters mixes,dairy bread eggs,batters mixes,Yours Freshly Dosa & Idli Batter,"?79
?100",1 pack (1 kg),"4.3
(2.4k)","https://cdn.zeptonow.com/production/tr:w-403,ar-1200-1200,pr-true,f-auto,q-40,dpr-2/cms/product_variant/59fe6615-38cb-45d5-8306-6675db337a90.jpeg",Yes
dairy bread eggs > batters mixes,dairy bread eggs,batters mixes,Rishta Delicious All Purpose Chutney,"?61
?105",1 pack (200 g),"4.7
(57)","https://cdn.zeptonow.com/production/tr:w-403,ar-3000-3000,pr-true,f-auto,q-40,dpr-2/cms/product_variant/54a0a492-ea5f-42c3-a30d-5e75d75e5e7f.jpg",Yes
dairy bread eggs > batters mixes,dairy bread eggs,batters mixes,Yours Freshly Moong Dosa and Idli Batter (0% Rice),"?94
?120",1 pack (1 kg),"3.3
(354)","https://cdn.zeptonow.com/production/tr:w-403,ar-1200-1200,pr-true,f-auto,q-40,dpr-2/cms/product_variant/f2a34c16-ccd6-4119-8f8f-9f9bd574a978.jpeg",Yes
dairy bread eggs > batters mixes,dairy bread eggs,batters mixes,Yours Freshly Dosa And Idli Batter,"?47
?60",1 pack (500 g),"4.2
(1.4k)","https://cdn.zeptonow.com/production/tr:w-403,ar-1200-1200,pr-true,f-auto,q-40,dpr-2/cms/product_variant/a6c69b77-171c-427d-b15b-cc2d87a797c1.jpg",Yes
dairy bread eggs > batters mixes,dairy bread eggs,batters mixes,iD Fresh Classic Pancake Batter,"?65
?75",1 pc,"3.8
(150)","https://cdn.zeptonow.com/production/tr:w-403,ar-1001-1001,pr-true,f-auto,q-40,dpr-2/cms/product_variant/5ac75990-afda-4b72-9b8f-f3bfe9ad58c7.jpeg",Yes
dairy bread eggs > batters mixes,dairy bread eggs,batters mixes,Daily Good - Idly And Dosa Batter,"?46
?65",500 g,"4.5
(87)","https://cdn.zeptonow.com/production/tr:w-403,ar-2205-2205,pr-true,f-auto,q-40,dpr-2/cms/product_variant/d117feaa-1a10-4f06-933e-2c3d73a67ac1.png",Yes
dairy bread eggs > curd probiotic drink,dairy bread eggs,curd probiotic drink,Amul Curd Pouch,"?48
?50",1 pack (800 g),"4.7
(125.6k)","https://cdn.zeptonow.com/production/tr:w-403,ar-3000-3000,pr-true,f-auto,q-40,dpr-2/cms/product_variant/8ee58598-fd56-4861-8dc9-03dee399b55e.jpeg",Yes
dairy bread eggs > curd probiotic drink,dairy bread eggs,curd probiotic drink,Amul Masti Dahi Pouch,"?33
?35",1 pack (390 g),"5
(603.8k)","https://cdn.zeptonow.com/production/tr:w-403,ar-3000-3000,pr-true,f-auto,q-40,dpr-2/cms/product_variant/f06d8762-8c47-4bda-a822-022a4c75da61.jpeg",Yes
dairy bread eggs > curd probiotic drink,dairy bread eggs,curd probiotic drink,Amul Masti Dahi Pouch,?82,1 pack (1 kg),"4.9
(324.0k)","https://cdn.zeptonow.com/production/tr:w-403,ar-1200-1200,pr-true,f-auto,q-40,dpr-2/cms/product_variant/75db7c09-d598-4300-aa1a-b35016cf88c5.jpeg",Yes
dairy bread eggs > curd probiotic drink,dairy bread eggs,curd probiotic drink,Amul Masti Dahi Cup,"?44
?47",1 pc (400 g),"4.7
(51.3k)","https://cdn.zeptonow.com/production/tr:w-403,ar-2400-2400,pr-true,f-auto,q-40,dpr-2/cms/product_variant/bc8c4071-3379-44b4-b675-7b6ff308e86c.jpeg",Yes
dairy bread eggs > curd probiotic drink,dairy bread eggs,curd probiotic drink,Amul Masti Dahi Cup,?23,1 pc (200 g),"4.9
(62.5k)","https://cdn.zeptonow.com/production/tr:w-403,ar-3000-3000,pr-true,f-auto,q-40,dpr-2/cms/product_variant/a3372e87-53ed-4674-8b09-07646468428c.jpg",Yes
dairy bread eggs > curd probiotic drink,dairy bread eggs,curd probiotic drink,Milky Mist Set Curd Tub,"?99
?120",1 pc (1 L),"4.9
(52.7k)","https://cdn.zeptonow.com/production/tr:w-403,ar-1600-1600,pr-true,f-auto,q-40,dpr-2/cms/product_variant/b4827858-6de4-406c-886d-863e41f92013.jpeg",Yes
dairy bread eggs > curd probiotic drink,dairy bread eggs,curd probiotic drink,Amul Masti Set Curd Tub,"?100
?110",1 pc (1 kg),"4.7
(78.0k)","https://cdn.zeptonow.com/production/tr:w-403,ar-1000-1000,pr-true,f-auto,q-40,dpr-2/cms/product_variant/ca568776-411d-4f0a-acf7-f0b040f9550d.jpg",Yes
dairy bread eggs > curd probiotic drink,dairy bread eggs,curd probiotic drink,Gowardhan Fresh Curd Pouch,"?40
?44",1 pack (500 g),"4.6
(8.2k)","https://cdn.zeptonow.com/production/tr:w-403,ar-747-651,pr-true,f-auto,q-40,dpr-2/cms/product_variant/f34f7f80-3dd8-4937-8c34-03d434b7decb.jpg",Yes
dairy bread eggs > curd probiotic drink,dairy bread eggs,curd probiotic drink,Mother Dairy Classic Curd Pouch,"?75
?82",1 pack (1 kg),"4.7
(76.3k)","https://cdn.zeptonow.com/production/tr:w-403,ar-2400-2400,pr-true,f-auto,q-40,dpr-2/cms/product_variant/c7930fa6-01a4-470d-b75d-578eb0334f1e.jpeg",Yes
dairy bread eggs > curd probiotic drink,dairy bread eggs,curd probiotic drink,Mother Dairy Classic Dahi Cup,?50,1 pc (400 g),"4.7
(23.5k)","https://cdn.zeptonow.com/production/tr:w-403,ar-1021-1021,pr-true,f-auto,q-40,dpr-2/cms/product_variant/25961188-0f2e-45e6-9c0d-8e1fbcb931d0.jpeg",Yes
dairy bread eggs > curd probiotic drink,dairy bread eggs,curd probiotic drink,Mother Dairy Classic Curd Pouch,"?33
?35",1 pc (390 g),"4.7
(109.3k)","https://cdn.zeptonow.com/production/tr:w-403,ar-1000-1000,pr-true,f-auto,q-40,dpr-2/cms/product_variant/87fca9eb-698a-4acc-af4d-89469cf0f570.jpg",Yes
dairy bread eggs > curd probiotic drink,dairy bread eggs,curd probiotic drink,Mother Dairy Dahi Ultimate Rich and Delicious Curd Cup,?70,1 pc (400 g),"4.6
(6.3k)","https://cdn.zeptonow.com/production/tr:w-403,ar-816-811,pr-true,f-auto,q-40,dpr-2/cms/product_variant/e13c790a-776b-4a42-b19e-5d7b606d90d9.jpg",Yes
dairy bread eggs > curd probiotic drink,dairy bread eggs,curd probiotic drink,Gokul Dahi Pouch,?88,1 pack (1 kg),"4.7
(5.4k)","https://cdn.zeptonow.com/production/tr:w-403,ar-2400-2400,pr-true,f-auto,q-40,dpr-2/cms/product_variant/56991979-e3a2-45fc-a7ca-b55804b87d8c.jpeg",Yes
dairy bread eggs > curd probiotic drink,dairy bread eggs,curd probiotic drink,Heritage Total Curd Pouch,"?35
?40",1 pack (475 g or 500 g),"4.7
(117.1k)","https://cdn.zeptonow.com/production/tr:w-403,ar-4583-4583,pr-true,f-auto,q-40,dpr-2/cms/product_variant/258026e5-7982-4e44-9901-de25073ee45f.jpeg",Yes
dairy bread eggs > curd probiotic drink,dairy bread eggs,curd probiotic drink,Yakult Probiotic Fermented Milk Drink,"?83
?90",1 pack (5 x 65 ml),"4.9
(21.5k)","https://cdn.zeptonow.com/production/tr:w-403,ar-1050-1050,pr-true,f-auto,q-40,dpr-2/cms/product_variant/fed6f256-aefe-402a-8309-53ee4affac65.jpeg",Yes
dairy bread eggs > curd probiotic drink,dairy bread eggs,curd probiotic drink,Mother Dairy Mishti Doi Cup,?20,1 pc (80 g or 70 g),"4.6
(99.4k)","https://cdn.zeptonow.com/production/tr:w-403,ar-1200-1200,pr-true,f-auto,q-40,dpr-2/cms/product_variant/f05477e8-2eb0-42d7-bcf8-b724e69e57c6.jpg",Yes
dairy bread eggs > curd probiotic drink,dairy bread eggs,curd probiotic drink,Epigamia Lactose Free Cup Curd,"?95
?100",1 pc (400 g),"5
(1.9k)","https://cdn.zeptonow.com/production/tr:w-403,ar-1500-1500,pr-true,f-auto,q-40,dpr-2/cms/product_variant/f47bcf69-1d21-46d1-a4d1-649ef7fbd3fb.jpg",Yes
dairy bread eggs > curd probiotic drink,dairy bread eggs,curd probiotic drink,Gowardhan Rich n Thick Dahi Cup,"?33
?35",1 pc (200 g),"4.7
(4.9k)","https://cdn.zeptonow.com/production/tr:w-403,ar-900-900,pr-true,f-auto,q-40,dpr-2/inventory/product/2c827643-7bde-4202-8d7c-f3a3aac8b07a-c5c3e708-3779-4648-ac22-c4a80182118e.jpeg",Yes
dairy bread eggs > curd probiotic drink,dairy bread eggs,curd probiotic drink,Amul Premium Dahi Cup,?65,1 pc (400 g),"4.6
(3.9k)","https://cdn.zeptonow.com/production/tr:w-403,ar-1200-1200,pr-true,f-auto,q-40,dpr-2/cms/product_variant/3e2942a4-7d05-4fca-84de-3d5731a9b295.jpeg",Yes
dairy bread eggs > curd probiotic drink,dairy bread eggs,curd probiotic drink,Amul High Protein Cup Dahi,?70,1 pc (400 g),"4.5
(5.8k)","https://cdn.zeptonow.com/production/tr:w-403,ar-3000-3000,pr-true,f-auto,q-40,dpr-2/cms/product_variant/206cec1f-1f51-47a5-8b08-f2344388f0e9.jpg",Yes
dairy bread eggs > curd probiotic drink,dairy bread eggs,curd probiotic drink,Country Delight | Ghar Jaisa Dahi Cup,"?66
?80",1 pc (400 g),"4.6
(5.9k)","https://cdn.zeptonow.com/production/tr:w-403,ar-1000-1000,pr-true,f-auto,q-40,dpr-2/cms/product_variant/f7581c4c-b956-416f-bde0-9d00d21642f3.png",Yes
dairy bread eggs > curd probiotic drink,dairy bread eggs,curd probiotic drink,iD Fresh Curd Pouch,"?41
?50",1 pack (400 g),"4.5
(10.9k)","https://cdn.zeptonow.com/production/tr:w-403,ar-1200-1200,pr-true,f-auto,q-40,dpr-2/cms/product_variant/eb75fb85-9f6c-406c-b1fc-371ffae796b0.jpeg",Yes
dairy bread eggs > curd probiotic drink,dairy bread eggs,curd probiotic drink,Desi farms Low Fat Dahi Pouch,"?32
?40",1 pack (400 g),"4.5
(2.6k)","https://cdn.zeptonow.com/production/tr:w-403,ar-2000-2000,pr-true,f-auto,q-40,dpr-2/cms/product_variant/67ce053e-358e-46b9-ade1-ee3809b8fb9b.jpg",Yes
dairy bread eggs > curd probiotic drink,dairy bread eggs,curd probiotic drink,Mother Dairy Mishti Doi Cup,"?70
?75",1 pc (400 g),"4.7
(40.0k)","https://cdn.zeptonow.com/production/tr:w-403,ar-1201-1200,pr-true,f-auto,q-40,dpr-2/cms/product_variant/de5d3c17-c6eb-450a-9301-7161b5bd6972.jpeg",Yes
dairy bread eggs > curd probiotic drink,dairy bread eggs,curd probiotic drink,Milky Mist Plain Curd Cup,"?60
?65",1 pc (400 g),"4.8
(10.2k)","https://cdn.zeptonow.com/production/tr:w-403,ar-1600-1600,pr-true,f-auto,q-40,dpr-2/cms/product_variant/1e403e3a-edaf-4e6e-a791-fd7c6f27b3a9.jpeg",Yes
dairy bread eggs > curd probiotic drink,dairy bread eggs,curd probiotic drink,Yakult Light Probiotic Fermented Milk Drink,"?93
?100",1 pack (5 x 65 ml),"4.7
(6.5k)","https://cdn.zeptonow.com/production/tr:w-403,ar-1050-1050,pr-true,f-auto,q-40,dpr-2/cms/product_variant/0eeb675d-7b49-4242-92b5-028bc687ab4a.jpeg",Yes
dairy bread eggs > curd probiotic drink,dairy bread eggs,curd probiotic drink,iD Fresh Curd Cup,?85,1 pc (400 g),"4.6
(2.8k)","https://cdn.zeptonow.com/production/tr:w-403,ar-2400-2400,pr-true,f-auto,q-40,dpr-2/cms/product_variant/a25505a4-5fde-42ea-b955-334a0f4d560e.jpg",Yes
dairy bread eggs > curd probiotic drink,dairy bread eggs,curd probiotic drink,Milky Mist Curd Pouch,"?39
?42",1 pack (400 g),"4.7
(56.4k)","https://cdn.zeptonow.com/production/tr:w-403,ar-3000-2000,pr-true,f-auto,q-40,dpr-2/cms/product_variant/db79a256-b5ca-424a-8cdc-e13626ffb11c.jpeg",Yes
dairy bread eggs > curd probiotic drink,dairy bread eggs,curd probiotic drink,Milky Mist Plain Curd Cup,"?30
?33",1 pc (200 g),"4.6
(9.7k)","https://cdn.zeptonow.com/production/tr:w-403,ar-1600-1600,pr-true,f-auto,q-40,dpr-2/cms/product_variant/dc76c736-a84a-472c-8c64-1c96071b8d51.jpeg",Yes
dairy bread eggs > curd probiotic drink,dairy bread eggs,curd probiotic drink,Pride Of Cows Curd Cup,"?88
?95",1 pc (320 g),"4.9
(2.8k)","https://cdn.zeptonow.com/production/tr:w-403,ar-1125-1125,pr-true,f-auto,q-40,dpr-2/cms/product_variant/c8ae06ff-53c7-4c40-8f97-49c4a01f7c95.jpeg",Yes
dairy bread eggs > curd probiotic drink,dairy bread eggs,curd probiotic drink,Yakult Mango,?99,1 pack (5 x 65 ml),"4.7
(2.3k)","https://cdn.zeptonow.com/production/tr:w-403,ar-710-400,pr-true,f-auto,q-40,dpr-2/cms/product_variant/e5de05a0-d811-43af-932c-034636d55e08.jpg",Yes
dairy bread eggs > curd probiotic drink,dairy bread eggs,curd probiotic drink,Milky Mist Probiotic Curd Cup,"?60
?65",1 pack (400 g),"4.8
(5.1k)","https://cdn.zeptonow.com/production/tr:w-403,ar-1600-1600,pr-true,f-auto,q-40,dpr-2/cms/product_variant/9066c6a1-6819-4b35-b17a-faa821ea0cbd.jpeg",Yes
dairy bread eggs > butter,dairy bread eggs,butter,Amul Salted Butter,?57,1 pack (100 g),"4.9
(688.7k)","https://cdn.zeptonow.com/production/tr:w-403,ar-1200-1200,pr-true,f-auto,q-40,dpr-2/cms/product_variant/e15c0b10-0367-4675-a5ab-6da2abf9bee1.jpeg",Yes
dairy bread eggs > butter,dairy bread eggs,butter,Amul Garlic & Herbs Buttery Spread,"?62
?66",1 pack (100 g),"5
(39.4k)","https://cdn.zeptonow.com/production/tr:w-403,ar-1200-1200,pr-true,f-auto,q-40,dpr-2/cms/product_variant/d2ba7227-a1c2-4881-b613-dac4c8501e8e.jpeg",Yes
dairy bread eggs > butter,dairy bread eggs,butter,Amul Salted Butter,"?281
?285",1 pack (500 g),"4.8
(121.8k)","https://cdn.zeptonow.com/production/tr:w-403,ar-1200-1200,pr-true,f-auto,q-40,dpr-2/cms/product_variant/229b297f-d894-457d-9c8b-34aa86df6b88.jpeg",Yes
dairy bread eggs > butter,dairy bread eggs,butter,Amul Salted Butter (Chiplets),"?65
?70",1 pack (10 x 10 g),"4.8
(82.5k)","https://cdn.zeptonow.com/production/tr:w-403,ar-2400-2400,pr-true,f-auto,q-40,dpr-2/cms/product_variant/bc145179-e4da-45db-a10c-7c19dff04176.jpeg",Yes
dairy bread eggs > butter,dairy bread eggs,butter,Amul Salted Butter,?118,1 pack (200 g),"4.8
(82.4k)","https://cdn.zeptonow.com/production/tr:w-403,ar-1200-1200,pr-true,f-auto,q-40,dpr-2/cms/product_variant/a9d3d8d2-ffe9-48d9-90dd-c76defed76dd.jpeg",Yes
dairy bread eggs > butter,dairy bread eggs,butter,Delicious Fat Spread - Cholesterol Free,?21,1 pack (100 g),"4.8
(70.5k)","https://cdn.zeptonow.com/production/tr:w-403,ar-2400-2400,pr-true,f-auto,q-40,dpr-2/cms/product_variant/9a6ce510-2ce2-4760-bf45-3f09629d2471.jpeg",Yes
dairy bread eggs > butter,dairy bread eggs,butter,Delicious Fat Spread - Cholesterol Free,"?97
?105",1 pack (500 g),"4.7
(34.3k)","https://cdn.zeptonow.com/production/tr:w-403,ar-2400-2400,pr-true,f-auto,q-40,dpr-2/cms/product_variant/a7da26d1-33d9-4d69-8c41-7d614bf57ac9.jpeg",Yes
dairy bread eggs > butter,dairy bread eggs,butter,Amul Safed Makkhan,"?58
?61",1 pack (100 g),"4.9
(6.3k)","https://cdn.zeptonow.com/production/tr:w-403,ar-1200-1200,pr-true,f-auto,q-40,dpr-2/cms/product_variant/b9b5e430-c1d5-4c73-b993-d5e88b1f87d6.jpg",Yes
dairy bread eggs > butter,dairy bread eggs,butter,Amul Unsalted Cooking Butter,"?57
?61",1 pack (100 g),"4.8
(19.5k)","https://cdn.zeptonow.com/production/tr:w-403,ar-1200-1200,pr-true,f-auto,q-40,dpr-2/cms/product_variant/238198ac-e000-47e7-a0e4-3b0c3b98cb34.jpeg",Yes
dairy bread eggs > butter,dairy bread eggs,butter,Mother Dairy Pasteurized Butter,"?265
?285",1 pack (500 g),"4.7
(2.4k)","https://cdn.zeptonow.com/production/tr:w-403,ar-1000-1000,pr-true,f-auto,q-40,dpr-2/cms/product_variant/fe79ae1d-556c-425a-bff4-516dcaad6304.jpeg",Yes
dairy bread eggs > butter,dairy bread eggs,butter,Milky Mist Cooking Butter Unsalted,"?70
?75",1 pack (100 g),"4.8
(9.6k)","https://cdn.zeptonow.com/production/tr:w-403,ar-1600-1600,pr-true,f-auto,q-40,dpr-2/cms/product_variant/3233a87c-f6dc-4aab-84ec-637d91cbcad9.jpeg",Yes
dairy bread eggs > butter,dairy bread eggs,butter,Amul Lite Spread,?45,1 pack (100 g),"4.9
(9.0k)","https://cdn.zeptonow.com/production/tr:w-403,ar-1500-1500,pr-true,f-auto,q-40,dpr-2/cms/product_variant/e9ddd194-81a7-4b0e-8caa-77f2a0192a52.jpeg",Yes
dairy bread eggs > butter,dairy bread eggs,butter,Amul Unsalted Cooking Butter,"?275
?290",1 pack (500 g),"4.7
(6.4k)","https://cdn.zeptonow.com/production/tr:w-403,ar-1200-1200,pr-true,f-auto,q-40,dpr-2/cms/product_variant/9803afd6-4c0e-4e79-b255-4937a303d97f.jpeg",Yes
dairy bread eggs > butter,dairy bread eggs,butter,Nutralite Premium Fat Spread Tub,"?250
?300",1 pack (500 g),"4.8
(1.1k)","https://cdn.zeptonow.com/production/tr:w-403,ar-1200-1200,pr-true,f-auto,q-40,dpr-2/cms/product_variant/9aae231b-4754-457a-8f88-5234187a3188.jpeg",Yes
dairy bread eggs > butter,dairy bread eggs,butter,Amul Safed Makkhan,?290,1 pack (500 g),"4.7
(2.8k)","https://cdn.zeptonow.com/production/tr:w-403,ar-1200-1200,pr-true,f-auto,q-40,dpr-2/cms/product_variant/5d82c0bc-0dd7-4486-85ab-2cf9921fe858.jpeg",Yes
dairy bread eggs > butter,dairy bread eggs,butter,Nutralite Doodhshakti Probiotic Butter Spread,"?245
?290",1 pack (500 g),"4.9
(2.0k)","https://cdn.zeptonow.com/production/tr:w-403,ar-1200-1200,pr-true,f-auto,q-40,dpr-2/cms/product_variant/b107bab8-8ece-4400-a26f-2d8824b461ca.jpeg",Yes
dairy bread eggs > butter,dairy bread eggs,butter,Heritage Table Butter,"?56
?60",1 pack (100 g),"4.8
(1.2k)","https://cdn.zeptonow.com/production/tr:w-403,ar-3508-3508,pr-true,f-auto,q-40,dpr-2/cms/product_variant/c7773daa-1eca-445e-abb8-691c507721d1.jpg",Yes
dairy bread eggs > butter,dairy bread eggs,butter,Nutralite Doodhshakti Probiotic Butter Spread,"?56
?60",1 pack (100 g),"4.7
(5.4k)","https://cdn.zeptonow.com/production/tr:w-403,ar-2400-2400,pr-true,f-auto,q-40,dpr-2/cms/product_variant/5bb27104-792d-4750-8661-8a7fb8791559.jpeg",Yes
dairy bread eggs > butter,dairy bread eggs,butter,Milky Mist Cooking Butter Unsalted,?340,1 pack (500 g),"5
(1.4k)","https://cdn.zeptonow.com/production/tr:w-403,ar-1600-1600,pr-true,f-auto,q-40,dpr-2/cms/product_variant/5acce062-beb2-4aa3-a8bc-d07b6752ee58.jpeg",Yes
dairy bread eggs > butter,dairy bread eggs,butter,Heritage Table Butter,"?280
?295",1 pack (500 g),"4.8
(106)","https://cdn.zeptonow.com/production/tr:w-403,ar-2500-2500,pr-true,f-auto,q-40,dpr-2/cms/product_variant/5fb5d450-2f01-480a-9c5e-2733b1767af6.jpeg",Yes
dairy bread eggs > butter,dairy bread eggs,butter,Nutralite Yummy Spread | Low Cholesterol,"?110
?145",1 pack (500 g),"4.7
(33)","https://cdn.zeptonow.com/production/tr:w-403,ar-4500-4500,pr-true,f-auto,q-40,dpr-2/cms/product_variant/0cba7627-c6b1-4108-8845-78025b94999c.jpeg",Yes
dairy bread eggs > butter,dairy bread eggs,butter,Heritage Cooking Butter,"?265
?300",1 pack (500 g),"4.7
(246)","https://cdn.zeptonow.com/production/tr:w-403,ar-1200-1200,pr-true,f-auto,q-40,dpr-2/cms/product_variant/5fdc3fdc-b3b4-47da-8dab-d28e59df1f30.jpg",Yes
dairy bread eggs > butter,dairy bread eggs,butter,Lurpak Butter Salted,"?732
?770",1 pack (200 g),"4.6
(864)","https://cdn.zeptonow.com/production/tr:w-403,ar-1000-1000,pr-true,f-auto,q-40,dpr-2/cms/product_variant/61a8f236-09a7-4860-a7a8-8566cad0bbae.jpeg",Yes
dairy bread eggs > butter,dairy bread eggs,butter,Lurpak Butter Unsalted,"?732
?770",1 pc (200 g),"4.4
(884)","https://cdn.zeptonow.com/production/tr:w-403,ar-1000-1000,pr-true,f-auto,q-40,dpr-2/cms/product_variant/eaf48657-c7e8-410d-b2f0-66ffb413af04.jpeg",Yes
dairy bread eggs > butter,dairy bread eggs,butter,Amul Salted Butter (Chiplets) Combo,"?130
?140",100 g X 2,"4.5
(704)","https://cdn.zeptonow.com/production/tr:w-403,ar-1500-1500,pr-true,f-auto,q-40,dpr-2/cms/product_variant/7c8bf3ff-c930-4c88-84be-f765df5addd3.jpeg",Yes
dairy bread eggs > butter,dairy bread eggs,butter,Amul Garlic & Herbs Buttery Spread Combo,"?124
?132",2 x 100 g,"4.3
(989)","https://cdn.zeptonow.com/production/tr:w-403,ar-1500-1500,pr-true,f-auto,q-40,dpr-2/cms/product_variant/50c989bb-1ba7-433c-87a5-62b364da51d5.jpeg",Yes
dairy bread eggs > butter,dairy bread eggs,butter,Amul Salted Butter (Chiplets) Combo,"?195
?210",100 g X 3,"4.2
(921)","https://cdn.zeptonow.com/production/tr:w-403,ar-1500-1500,pr-true,f-auto,q-40,dpr-2/cms/product_variant/694ee97a-83ea-4290-b674-1395d3578e13.jpeg",Yes
dairy bread eggs > butter,dairy bread eggs,butter,Amul Safed Makkhan (100g) & Dr. Brand Mishri Dana (200g) Panchamrit Combo,"?73
?86",2 combo,"4.4
(102)","https://cdn.zeptonow.com/production/tr:w-403,ar-2400-2400,pr-true,f-auto,q-40,dpr-2/cms/product_variant/cff75f61-1f39-43d4-a761-1c28492e1133.jpeg",Yes
dairy bread eggs > butter,dairy bread eggs,butter,Milky Mist Table Butter,"?68
?75",1 pack (100 g),"4.7
(2.2k)","https://cdn.zeptonow.com/production/tr:w-403,ar-2400-2400,pr-true,f-auto,q-40,dpr-2/cms/product_variant/d5ed3a6f-0f74-4135-bfdc-0f2876f79b3e.jpeg",Yes
dairy bread eggs > butter,dairy bread eggs,butter,Nutralite Doodhshakti Probiotic Butter Spread Tub,"?269
?309",1 pack (500 g),"4.7
(863)","https://cdn.zeptonow.com/production/tr:w-403,ar-2400-2400,pr-true,f-auto,q-40,dpr-2/cms/product_variant/bbdfd294-7ebd-49f6-8a73-bb1c38f87a1d.jpeg",Yes
dairy bread eggs > butter,dairy bread eggs,butter,Nutralite Premium Fat Spread,"?50
?60",1 pack (100 g),"4.6
(2.4k)","https://cdn.zeptonow.com/production/tr:w-403,ar-1200-1200,pr-true,f-auto,q-40,dpr-2/cms/product_variant/419ec713-e99c-43a7-af14-8ed5bd516b2b.jpeg",Yes
dairy bread eggs > butter,dairy bread eggs,butter,Milky Mist Butter Chiplet,"?63
?80",1 pack (10 x 10 g),"4.9
(2.2k)","https://cdn.zeptonow.com/production/tr:w-403,ar-1600-1600,pr-true,f-auto,q-40,dpr-2/cms/product_variant/92d89185-b803-45c2-9adc-daa69bab8fea.jpeg",Yes
dairy bread eggs > cheese,dairy bread eggs,cheese,Amul Processed Cheese Cubes,"?119
?130",1 pack (200 g),"5
(72.3k)","https://cdn.zeptonow.com/production/tr:w-403,ar-1200-1200,pr-true,f-auto,q-40,dpr-2/cms/product_variant/e5a4d2d8-29fb-48a3-b922-4a410de75143.jpeg",Yes
dairy bread eggs > cheese,dairy bread eggs,cheese,Amul Diced Cheese Blend,"?112
?120",1 pack (200 g),"4.8
(93.9k)","https://cdn.zeptonow.com/production/tr:w-403,ar-2400-2400,pr-true,f-auto,q-40,dpr-2/cms/product_variant/f913a533-609f-4f95-bdd1-eb28f8a6b49c.jpeg",Yes
dairy bread eggs > cheese,dairy bread eggs,cheese,Amul Cheese Slices,"?75
?80",1 pack (100 g),"5
(66.2k)","https://cdn.zeptonow.com/production/tr:w-403,ar-1200-1200,pr-true,f-auto,q-40,dpr-2/cms/product_variant/bb505416-f814-4270-b756-2fadcc289816.jpeg",Yes
dairy bread eggs > cheese,dairy bread eggs,cheese,Go Cheese Slices,"?103
?210",1 pack (200 g),"4.7
(27.7k)","https://cdn.zeptonow.com/production/tr:w-403,ar-2400-2400,pr-true,f-auto,q-40,dpr-2/cms/product_variant/dc94ead5-16ea-4786-8404-1371dc1c8912.jpg",Yes
dairy bread eggs > cheese,dairy bread eggs,cheese,Amul Cheese Slices,"?134
?140",1 pack (200 g),"4.8
(42.4k)","https://cdn.zeptonow.com/production/tr:w-403,ar-1200-1200,pr-true,f-auto,q-40,dpr-2/cms/product_variant/263afa34-4a15-4e5d-b891-d3126b1b3019.jpeg",Yes
dairy bread eggs > cheese,dairy bread eggs,cheese,Amul Processed Cheese Block,"?117
?125",1 pack (200 g),"5
(54.2k)","https://cdn.zeptonow.com/production/tr:w-403,ar-1200-1200,pr-true,f-auto,q-40,dpr-2/cms/product_variant/458eaddf-af1d-4255-aa6f-10ca177f2331.jpeg",Yes
dairy bread eggs > cheese,dairy bread eggs,cheese,Amul Processed Cheese Block,"?272
?290",1 pack (500 g),"4.7
(9.8k)","https://cdn.zeptonow.com/production/tr:w-403,ar-1200-1200,pr-true,f-auto,q-40,dpr-2/cms/product_variant/74d9d445-75a7-43dd-b2e6-bb3cd5c8f8ec.jpeg",Yes
dairy bread eggs > cheese,dairy bread eggs,cheese,D'lecta Cheese Spread,"?50
?99",1 pc (150 g),"4.8
(12.5k)","https://cdn.zeptonow.com/production/tr:w-403,ar-1200-1200,pr-true,f-auto,q-40,dpr-2/cms/product_variant/a9a10ee7-25c5-4bd4-adfc-74bb9a5d768c.jpeg",Yes
dairy bread eggs > cheese,dairy bread eggs,cheese,Amul Cheese Spread Yummy Plain,"?104
?109",1 pc (200 g),"4.7
(14.2k)","https://cdn.zeptonow.com/production/tr:w-403,ar-1200-1200,pr-true,f-auto,q-40,dpr-2/cms/product_variant/93b5df20-2fb1-4181-a1be-62ca07465fce.jpeg",Yes
dairy bread eggs > cheese,dairy bread eggs,cheese,D'lecta 100% Mozzarella Shreds Cheese,"?86
?109",1 pack (140 g),"4.7
(27.1k)","https://cdn.zeptonow.com/production/tr:w-403,ar-1000-1000,pr-true,f-auto,q-40,dpr-2/cms/product_variant/4620c00f-471a-4ebe-8ca7-3327aa4dd048.jpeg",Yes
dairy bread eggs > cheese,dairy bread eggs,cheese,Amul Cheese Spread Spicy Garlic,"?101
?109",1 pc (200 g),"4.8
(5.0k)","https://cdn.zeptonow.com/production/tr:w-403,ar-2400-2400,pr-true,f-auto,q-40,dpr-2/cms/product_variant/18a20456-158d-4581-a80b-10f58c5e86cf.jpeg",Yes
dairy bread eggs > cheese,dairy bread eggs,cheese,D'lecta Cheese Slices,"?80
?160",1 pack (200 g),"4.7
(23.8k)","https://cdn.zeptonow.com/production/tr:w-403,ar-1000-1000,pr-true,f-auto,q-40,dpr-2/cms/product_variant/b6ab3963-52a6-40a4-8c19-b226a13b1058.jpeg",Yes
dairy bread eggs > cheese,dairy bread eggs,cheese,Britannia Cheese Cubes,"?99
?127",1 pack (200 g),"4.8
(4.3k)","https://cdn.zeptonow.com/production/tr:w-403,ar-1000-1000,pr-true,f-auto,q-40,dpr-2/cms/product_variant/683e4338-d565-4629-b99d-256490ac2eea.jpeg",Yes
dairy bread eggs > cheese,dairy bread eggs,cheese,Amul Pizza Cheese - Mozzarella,"?101
?117",1 pack (200 g),"4.5
(3.8k)","https://cdn.zeptonow.com/production/tr:w-403,ar-2500-2500,pr-true,f-auto,q-40,dpr-2/cms/product_variant/1ad81368-fa33-49ee-8378-755b5386012f.jpeg",Yes
dairy bread eggs > cheese,dairy bread eggs,cheese,Amul A+ Process Cheese Slices,"?115
?170",1 pack (200 g),"4.8
(5.0k)","https://cdn.zeptonow.com/production/tr:w-403,ar-3000-3000,pr-true,f-auto,q-40,dpr-2/cms/product_variant/064a9f80-43eb-4d7d-935e-24aebcdf3005.jpg",Yes
dairy bread eggs > cheese,dairy bread eggs,cheese,Go Processed Cheese Block,"?93
?200",1 pack (200 g),"4.6
(7.9k)","https://cdn.zeptonow.com/production/tr:w-403,ar-1200-1200,pr-true,f-auto,q-40,dpr-2/cms/product_variant/8ab80918-f0f0-4264-ac6a-547f005a5db8.jpeg",Yes
dairy bread eggs > cheese,dairy bread eggs,cheese,Britannia Cheese Slice,"?99
?132",1 Pack (180 g),"5
(3.4k)","https://cdn.zeptonow.com/production/tr:w-403,ar-1000-1000,pr-true,f-auto,q-40,dpr-2/cms/product_variant/d0a742dc-5858-4026-92a4-195ce3dd930f.jpeg",Yes
dairy bread eggs > cheese,dairy bread eggs,cheese,Amul Cheese Slices,"?398
?425",1 pack (750 g),"5
(3.1k)","https://cdn.zeptonow.com/production/tr:w-403,ar-1200-1200,pr-true,f-auto,q-40,dpr-2/cms/product_variant/fe32e4f3-7680-4459-8df3-209e624b653f.jpeg",Yes
dairy bread eggs > cheese,dairy bread eggs,cheese,Mother Dairy Processed Cheese Cubes,"?95
?135",1 pack (180 g),"4.9
(1.0k)","https://cdn.zeptonow.com/production/tr:w-403,ar-1021-1021,pr-true,f-auto,q-40,dpr-2/cms/product_variant/19268d20-01f8-4d74-af29-f8b49469145e.jpeg",Yes
dairy bread eggs > cheese,dairy bread eggs,cheese,Go Cheese Pizza Blend (Mozzarella + Cheddar),"?115
?159",1 pack (200 g),"4.8
(18.9k)","https://cdn.zeptonow.com/production/tr:w-403,ar-1490-1497,pr-true,f-auto,q-40,dpr-2/cms/product_variant/f3f5af40-dd94-4f5b-8b19-9c272c846978.jpg",Yes
dairy bread eggs > cheese,dairy bread eggs,cheese,Amul Cheese Spread - Pepper,"?96
?109",1 pc (200 g),"4.8
(2.7k)","https://cdn.zeptonow.com/production/tr:w-403,ar-2400-2400,pr-true,f-auto,q-40,dpr-2/cms/product_variant/67c81d0b-a3e8-4726-b30c-47141e213265.jpeg",Yes
dairy bread eggs > cheese,dairy bread eggs,cheese,D'lecta Cream Cheese,"?154
?189",1 pc (150 g),"4.6
(3.3k)","https://cdn.zeptonow.com/production/tr:w-403,ar-1000-1000,pr-true,f-auto,q-40,dpr-2/cms/product_variant/b567d569-46ed-417b-a16e-2ee952e2ccb2.jpeg",Yes
dairy bread eggs > cheese,dairy bread eggs,cheese,Amul Processed Cheese Block,"?507
?545",1 pack (1 kg),"4.8
(1.3k)","https://cdn.zeptonow.com/production/tr:w-403,ar-1500-1500,pr-true,f-auto,q-40,dpr-2/cms/product_variant/62eedea6-b68e-4e50-af1e-d938a0229a9d.jpeg",Yes
dairy bread eggs > cheese,dairy bread eggs,cheese,D'lecta Natural Feta Cheese Blocks,"?94
?115",1 pack (100 g),"4.6
(2.7k)","https://cdn.zeptonow.com/production/tr:w-403,ar-1000-1000,pr-true,f-auto,q-40,dpr-2/cms/product_variant/4d221c2a-378a-4782-bf41-f84f4d727bd1.jpeg",Yes
dairy bread eggs > cheese,dairy bread eggs,cheese,D'lecta Cheese Cubes,"?95
?165",1 pack (200 g),"4.7
(10.8k)","https://cdn.zeptonow.com/production/tr:w-403,ar-1200-1200,pr-true,f-auto,q-40,dpr-2/cms/product_variant/e088b36e-ff26-40d3-8a94-7ceb76f4554e.jpeg",Yes
dairy bread eggs > cheese,dairy bread eggs,cheese,Milky Mist Cheese- Cubes,"?107
?142",1 pack (200 g),"4.9
(4.4k)","https://cdn.zeptonow.com/production/tr:w-403,ar-1600-1600,pr-true,f-auto,q-40,dpr-2/cms/product_variant/1ac4edcd-39ce-4100-9f67-db8975115c60.jpeg",Yes
dairy bread eggs > cheese,dairy bread eggs,cheese,Britannia Spreadable Cheese Triangles,"?99
?127",1 pack (120 g),"4.8
(1.9k)","https://cdn.zeptonow.com/production/tr:w-403,ar-1000-1000,pr-true,f-auto,q-40,dpr-2/cms/product_variant/03216546-6a46-4f8c-8225-9f26dd595cd7.jpeg",Yes
dairy bread eggs > cheese,dairy bread eggs,cheese,Amul Natural Cheese Cheddar Block,"?178
?180",1 pack (250 g),"4.5
(722)","https://cdn.zeptonow.com/production/tr:w-403,ar-2400-2400,pr-true,f-auto,q-40,dpr-2/cms/product_variant/ae427b1b-f245-47b3-987f-794d138b481e.jpeg",Yes
dairy bread eggs > cheese,dairy bread eggs,cheese,Amul A+ Cheese Slices,"?200
?400",1 pack (400 g),"4.7
(2.2k)","https://cdn.zeptonow.com/production/tr:w-403,ar-3000-3000,pr-true,f-auto,q-40,dpr-2/cms/product_variant/a12215ac-b287-4140-8e76-4bfac4389d6d.jpg",Yes
dairy bread eggs > cheese,dairy bread eggs,cheese,D'lecta Cheese Slices,"?166
?300",1 pack (400 g),"4.7
(4.0k)","https://cdn.zeptonow.com/production/tr:w-403,ar-1000-1000,pr-true,f-auto,q-40,dpr-2/cms/product_variant/ea28feea-4af1-4c80-ac69-5bdb1ebbe715.jpeg",Yes
dairy bread eggs > cheese,dairy bread eggs,cheese,D'lecta 100% Mozzarella Cheese Pizza Block,"?103
?155",1 pack (200 g),"4.6
(27.9k)","https://cdn.zeptonow.com/production/tr:w-403,ar-1000-1000,pr-true,f-auto,q-40,dpr-2/cms/product_variant/40e60300-664c-4045-8944-32b22028f24f.jpeg",Yes
dairy bread eggs > cheese,dairy bread eggs,cheese,Britannia Cheese Slice,"?241
?460",1 pack (20 x 20 g),"4.7
(1.4k)","https://cdn.zeptonow.com/production/tr:w-403,ar-1000-1000,pr-true,f-auto,q-40,dpr-2/cms/product_variant/bab3ef35-13c5-4a5a-9401-2201b7053a58.jpeg",Yes
dairy bread eggs > eggs,dairy bread eggs,eggs,Yojana Poultry Power Eggs,?116,1 pack (12 pcs),"4.6
(52.8k)","https://cdn.zeptonow.com/production/tr:w-403,ar-1200-1200,pr-true,f-auto,q-40,dpr-2/cms/product_variant/e5b40d9d-bc97-425a-af57-f203dba156e8.jpeg",Yes
dairy bread eggs > eggs,dairy bread eggs,eggs,Eggspro White Eggs,"?102
?150",1 pack (12 pcs),"4.6
(32.6k)","https://cdn.zeptonow.com/production/tr:w-403,ar-2400-2400,pr-true,f-auto,q-40,dpr-2/cms/product_variant/92d03b37-292a-4c91-b349-e76eb3092175.jpeg",Yes
dairy bread eggs > eggs,dairy bread eggs,eggs,Yojana Poultry Power Eggs,?58,1 pack (6 pcs),"4.6
(52.6k)","https://cdn.zeptonow.com/production/tr:w-403,ar-2400-2400,pr-true,f-auto,q-40,dpr-2/cms/product_variant/66e8bd73-8741-4c0e-9930-abd2d0411f48.jpeg",Yes
dairy bread eggs > eggs,dairy bread eggs,eggs,Eggspro White Eggs,"?52
?75",1 pack (6 pcs),"4.9
(13.0k)","https://cdn.zeptonow.com/production/tr:w-403,ar-2400-2400,pr-true,f-auto,q-40,dpr-2/cms/product_variant/389aa5f9-b9bd-48ff-beff-6f0ad65ceff1.jpeg",Yes
dairy bread eggs > eggs,dairy bread eggs,eggs,"UPF Healthy Brown - Large Eggs, 6 Pieces | Protein Rich | Veg Feed | Infertile","?84
?99",1 pack (6 pcs),"4.5
(29.1k)","https://cdn.zeptonow.com/production/tr:w-403,ar-1000-1000,pr-true,f-auto,q-40,dpr-2/cms/product_variant/1c1612a9-11a5-4544-9f6a-98b650c38e73.jpeg",Yes
dairy bread eggs > eggs,dairy bread eggs,eggs,Eggspro White Eggs,"?252
?375",1 pack (30 pcs),"4.3
(7.3k)","https://cdn.zeptonow.com/production/tr:w-403,ar-1500-1500,pr-true,f-auto,q-40,dpr-2/cms/product_variant/d4a168d6-bc22-4b6e-98ce-81155501d8a8.jpeg",Yes
dairy bread eggs > eggs,dairy bread eggs,eggs,Egg First Fram Fresh Protein Eggs Pack Of 30,"?234
?360",1 pack (30 pcs),"4.3
(2.5k)","https://cdn.zeptonow.com/production/tr:w-403,ar-1200-1200,pr-true,f-auto,q-40,dpr-2/cms/product_variant/6fb6f4ca-07d0-4d11-a6c7-cfdd52ad94e9.jpg",Yes
dairy bread eggs > eggs,dairy bread eggs,eggs,"Farm Made Free Range Brown Eggs, 6 Pieces - Protein Rich, Veg Feed, Non-Fertile","?128
?149",1 pack (6 pcs),"4.7
(10.1k)","https://cdn.zeptonow.com/production/tr:w-403,ar-1000-1000,pr-true,f-auto,q-40,dpr-2/cms/product_variant/561f7449-6d79-406d-8107-2c45cb4a6dfc.jpeg",Yes
dairy bread eggs > eggs,dairy bread eggs,eggs,Abhi Vitamin D3 White Eggs With Immunity Boosters,"?76
?99",1 pack (6 pcs),"4.5
(30.0k)","https://cdn.zeptonow.com/production/tr:w-403,ar-5504-8256,pr-true,f-auto,q-40,dpr-2/cms/product_variant/a7dfff8f-8183-4bc5-aabe-268d42988810.jpeg",Yes
dairy bread eggs > eggs,dairy bread eggs,eggs,Eggoz Protein Rich Farm Fresh White Eggs,"?133
?155",1 pack (10 pcs),"4.4
(33.5k)","https://cdn.zeptonow.com/production/tr:w-403,ar-1080-1080,pr-true,f-auto,q-40,dpr-2/cms/product_variant/f12e237a-246f-4b8d-a43c-c8f2961c37f2.jpeg",Yes
dairy bread eggs > eggs,dairy bread eggs,eggs,UPF Healthy Eggs Brown,"?172
?193",1 pack (12 pcs),"4.1
(897)","https://cdn.zeptonow.com/production/tr:w-403,ar-1000-1000,pr-true,f-auto,q-40,dpr-2/cms/product_variant/047d2111-651c-40e2-a11f-53de0000d43a.jpeg",Yes
dairy bread eggs > eggs,dairy bread eggs,eggs,Eggoz Protein Rich Farm Fresh White Eggs,"?79
?94",1 pack (6 pcs),"4.4
(10.4k)","https://cdn.zeptonow.com/production/tr:w-403,ar-1080-1080,pr-true,f-auto,q-40,dpr-2/cms/product_variant/fce52a66-cf00-4399-8776-2a22b5895ed5.jpeg",Yes
dairy bread eggs > eggs,dairy bread eggs,eggs,Egg First Fram Fresh Protein Eggs Pack Of 12,"?97
?145",1 pack (12 pcs),"4.4
(3.6k)","https://cdn.zeptonow.com/production/tr:w-403,ar-1200-1200,pr-true,f-auto,q-40,dpr-2/cms/product_variant/3ad57c67-3d6c-4838-99c7-d8f94a5e8d8f.jpg",Yes
dairy bread eggs > eggs,dairy bread eggs,eggs,Abhi Eggs Vit D3 White Eggs With Immunity Boosters | Pack Of 10,"?100
?159",1 pack (10 pcs),"4.3
(1.7k)","https://cdn.zeptonow.com/production/tr:w-403,ar-1600-899,pr-true,f-auto,q-40,dpr-2/cms/product_variant/cb589a2d-99af-4113-ab41-1241591c5b86.jpeg",Yes
dairy bread eggs > eggs,dairy bread eggs,eggs,"The Good Egg Co. Cage Free Eggs, 6 Pieces - Portein Rich, Veg Feed, Infertile","?111
?129",1 pack (6 pcs),"4.4
(5.2k)","https://cdn.zeptonow.com/production/tr:w-403,ar-1000-1000,pr-true,f-auto,q-40,dpr-2/cms/product_variant/b4c8ee60-b4a0-49c3-bd5b-00162c30df36.jpeg",Yes
dairy bread eggs > eggs,dairy bread eggs,eggs,Suguna Delfrez Nourish White Eggs,"?85
?90",1 pack (6 pcs),"4.6
(7.2k)","https://cdn.zeptonow.com/production/tr:w-403,ar-1000-1000,pr-true,f-auto,q-40,dpr-2/cms/product_variant/5b2d556e-360a-47c3-a815-8795876d7cfe.jpeg",Yes
dairy bread eggs > eggs,dairy bread eggs,eggs,Eggoz Protein Rich Farm Fresh White Eggs,"?349
?397",1 pack (30 pcs),"4.1
(14.0k)","https://cdn.zeptonow.com/production/tr:w-403,ar-1080-1080,pr-true,f-auto,q-40,dpr-2/cms/product_variant/0f38fc87-6061-4061-b191-4f3176262f10.jpeg",Yes
dairy bread eggs > eggs,dairy bread eggs,eggs,"UPF Healthy White - Large Eggs, 12 Pieces | Protein Rich | Veg Feed | Infertile","?135
?173",1 pack (12 pcs),"4.2
(425)","https://cdn.zeptonow.com/production/tr:w-403,ar-1000-1000,pr-true,f-auto,q-40,dpr-2/cms/product_variant/5a9e23be-6a47-49da-a4d9-4fbc44bec864.jpeg",Yes
dairy bread eggs > eggs,dairy bread eggs,eggs,Abhi Nutri + White Eggs With Immunity Boosters,"?76
?89",1 pack (6 pcs),"4.6
(7.7k)","https://cdn.zeptonow.com/production/tr:w-403,ar-5504-8256,pr-true,f-auto,q-40,dpr-2/cms/product_variant/8bd245fd-32e9-41e1-bfd2-b41baf9e993e.jpeg",Yes
dairy bread eggs > eggs,dairy bread eggs,eggs,Sam's Fresh Free-Range Organic Egg,"?194
?226",1 pack (12 pcs),"4.1
(567)","https://cdn.zeptonow.com/production/tr:w-403,ar-2400-2400,pr-true,f-auto,q-40,dpr-2/cms/product_variant/0e61663d-91fb-4ff4-be0c-9599c43115a9.jpeg",Yes
dairy bread eggs > eggs,dairy bread eggs,eggs,Abhi Eggs Gold + Brown Eggs with Immunity Boosters,"?102
?115",1 pack (6 pcs),"4.5
(7.0k)","https://cdn.zeptonow.com/production/tr:w-403,ar-5504-8256,pr-true,f-auto,q-40,dpr-2/cms/product_variant/fab78455-5fd8-45b2-8316-fb168aa68c0a.jpeg",Yes
dairy bread eggs > eggs,dairy bread eggs,eggs,"UPF Healthy White - Large Eggs, 6 Pieces | Protein Rich | Veg Feed | Infertile","?81
?89",1 pack (6 pcs),"4.5
(6.5k)","https://cdn.zeptonow.com/production/tr:w-403,ar-1000-1000,pr-true,f-auto,q-40,dpr-2/cms/product_variant/6277ba10-4fb9-4f08-af24-c0418dad6f0a.jpeg",Yes
dairy bread eggs > eggs,dairy bread eggs,eggs,Eggoz Protein Rich Farm Fresh Brown Eggs,"?95
?119",1 pack (6 pcs),"4.2
(3.6k)","https://cdn.zeptonow.com/production/tr:w-403,ar-1000-1000,pr-true,f-auto,q-40,dpr-2/cms/product_variant/239e5b78-99ec-47c9-b7de-27b54d771ffb.jpeg",Yes
dairy bread eggs > eggs,dairy bread eggs,eggs,Upf Healthy Brown Eggs Tray,"?383
?430",1 pack (30 pcs),"3.8
(211)","https://cdn.zeptonow.com/production/tr:w-403,ar-2400-2400,pr-true,f-auto,q-40,dpr-2/cms/product_variant/f8cc73f4-8091-45ca-a6ec-8a78a589688e.jpeg",Yes
dairy bread eggs > eggs,dairy bread eggs,eggs,Suguna Delfrez Nourish White Eggs,"?172
?180",1 pack (12 pcs),"4.7
(3.1k)","https://cdn.zeptonow.com/production/tr:w-403,ar-1000-1000,pr-true,f-auto,q-40,dpr-2/cms/product_variant/e9a0aaee-4292-41f5-9ae2-fb4d81c72a10.jpeg",Yes
dairy bread eggs > eggs,dairy bread eggs,eggs,Yojana Power Omega White Eggs,?80,1 pack (6 pcs),"4.4
(539)","https://cdn.zeptonow.com/production/tr:w-403,ar-2400-2400,pr-true,f-auto,q-40,dpr-2/cms/product_variant/670aa1f7-bf2f-476b-853e-c57e0eec7afc.jpeg",Yes
dairy bread eggs > eggs,dairy bread eggs,eggs,Abhi Nutri+ White Eggs,"?265
?340",1 pack (24 pcs),"4.9
(6.8k)","https://cdn.zeptonow.com/production/tr:w-403,ar-5504-8256,pr-true,f-auto,q-40,dpr-2/cms/product_variant/f472ebf8-d082-4c17-9682-51380f40394f.jpeg",Yes
dairy bread eggs > eggs,dairy bread eggs,eggs,Sam's Fresh Organic Eggs,"?108
?118",1 pack (6 pcs),"4.3
(291)","https://cdn.zeptonow.com/production/tr:w-403,ar-2400-2400,pr-true,f-auto,q-40,dpr-2/cms/product_variant/f1a56a7a-9b71-4393-b782-7afad55fea60.jpg",Yes
dairy bread eggs > eggs,dairy bread eggs,eggs,Abhi Vit D3 White Eggs With Immunity Boosters | Pack Of 24,"?276
?380",1 pack (24 pcs),"4.7
(691)","https://cdn.zeptonow.com/production/tr:w-403,ar-5504-8256,pr-true,f-auto,q-40,dpr-2/cms/product_variant/5afbd1ad-6aee-4fc2-a5c9-ac84e1faaf3e.jpeg",Yes
dairy bread eggs > eggs,dairy bread eggs,eggs,Suguna Delfrez Brown Eggs,"?102
?110",1 pack (6 pcs),"4.3
(1.2k)","https://cdn.zeptonow.com/production/tr:w-403,ar-3750-3750,pr-true,f-auto,q-40,dpr-2/cms/product_variant/3cc1b403-c769-4f10-905e-4ced2cf27eb8.jpg",Yes
dairy bread eggs > eggs,dairy bread eggs,eggs,Suguna Delfrez White Eggs,"?309
?370",1 pack (30 pcs),"4.2
(3.7k)","https://cdn.zeptonow.com/production/tr:w-403,ar-1200-1200,pr-true,f-auto,q-40,dpr-2/cms/product_variant/2be8d852-e1e0-4111-a06c-df07e3d55b0a.jpeg",Yes
dairy bread eggs > eggs,dairy bread eggs,eggs,"UPF Healthy Brown - Large Eggs, 6 Pieces | Protein Rich | Veg Feed | Infertile Combo","?168
?198",6 pc X 2,"4.3
(872)","https://cdn.zeptonow.com/production/tr:w-403,ar-1000-1000,pr-true,f-auto,q-40,dpr-2/cms/product_variant/427d7ac9-a39c-466d-afb3-f59dddf911ef.jpeg",Yes
dairy bread eggs > milk,dairy bread eggs,milk,Amul Taaza Toned Fresh Milk | Pouch,?29,1 pack (500 ml),"4.8
(839.4k)","https://cdn.zeptonow.com/production/tr:w-403,ar-1200-1200,pr-true,f-auto,q-40,dpr-2/cms/product_variant/d4b8ef20-df5e-4d0b-ab04-36de62dd0f45.jpeg",Yes
dairy bread eggs > milk,dairy bread eggs,milk,Gokul Buffalo Full Cream Fresh Milk | Pouch,?37,1 pack (500 ml),"4.8
(100.8k)","https://cdn.zeptonow.com/production/tr:w-403,ar-1200-1200,pr-true,f-auto,q-40,dpr-2/cms/product_variant/c01ac262-d5fe-4bdf-b5ce-5be9b93fdd9a.jpeg",Yes
dairy bread eggs > milk,dairy bread eggs,milk,Gokul Satvik Toned Cow Fresh Milk | Pouch,?29,1 pack (500 ml),"4.7
(65.0k)","https://cdn.zeptonow.com/production/tr:w-403,ar-2400-2400,pr-true,f-auto,q-40,dpr-2/cms/product_variant/158de1ea-f723-48a0-84f8-cc6279ee94f5.jpeg",Yes
dairy bread eggs > milk,dairy bread eggs,milk,Amul Cow Fresh Milk | Pouch,?29,1 pack (500 ml),"4.8
(259.5k)","https://cdn.zeptonow.com/production/tr:w-403,ar-1200-1200,pr-true,f-auto,q-40,dpr-2/cms/product_variant/c47d8c5f-ae38-42af-8f48-0535396b474e.jpeg",Yes
dairy bread eggs > milk,dairy bread eggs,milk,Amul A2 Buffalo Fresh Milk | Pouch,?37,1 pack (500 ml),"4.8
(177.4k)","https://cdn.zeptonow.com/production/tr:w-403,ar-1200-1200,pr-true,f-auto,q-40,dpr-2/cms/product_variant/6289ad23-bd4f-491d-8fa4-d2866037963d.jpeg",Yes
dairy bread eggs > milk,dairy bread eggs,milk,Amul Gold Full Cream Fresh Milk | Pouch,?35,1 pack (500 ml),"4.9
(1.1M)","https://cdn.zeptonow.com/production/tr:w-403,ar-1200-1200,pr-true,f-auto,q-40,dpr-2/cms/product_variant/3a8d4113-939d-4e4e-a7ce-96e52152ba97.jpeg",Yes
dairy bread eggs > milk,dairy bread eggs,milk,Mother Dairy Cow Fresh Milk | Pouch,?29,1 pack (500 ml),"4.7
(200.2k)","https://cdn.zeptonow.com/production/tr:w-403,ar-2400-2400,pr-true,f-auto,q-40,dpr-2/cms/product_variant/9e9101e0-5591-483e-8f36-6eb14389d4a9.jpeg",Yes
dairy bread eggs > milk,dairy bread eggs,milk,Gokul Satvik Toned Cow Fresh Milk | Pouch,?58,1 pack (1 L),"4.7
(35.3k)","https://cdn.zeptonow.com/production/tr:w-403,ar-1200-1200,pr-true,f-auto,q-40,dpr-2/cms/product_variant/d12ed84a-ff4f-4308-848f-8c7af83b9788.jpeg",Yes
dairy bread eggs > milk,dairy bread eggs,milk,Amul Taaza Homogenised Toned Milk (Tetra Pack),?16,1 pack (200 ml),"4.7
(88.9k)","https://cdn.zeptonow.com/production/tr:w-403,ar-1200-1200,pr-true,f-auto,q-40,dpr-2/cms/product_variant/7aecef2d-80ab-406d-8f44-bea711b845ae.jpeg",Yes
dairy bread eggs > milk,dairy bread eggs,milk,Amul Taaza Homogenised Toned Milk (Tetra Pack),?75,1 pack (1 L),"4.8
(63.5k)","https://cdn.zeptonow.com/production/tr:w-403,ar-1200-1200,pr-true,f-auto,q-40,dpr-2/cms/product_variant/654e3c68-865e-42b0-ae12-8467c583cfaf.jpeg",Yes
dairy bread eggs > milk,dairy bread eggs,milk,Mother Dairy Toned Fresh Milk | Pouch,?29,1 pack (500 ml),"4.7
(24.1k)","https://cdn.zeptonow.com/production/tr:w-403,ar-1500-1500,pr-true,f-auto,q-40,dpr-2/cms/product_variant/e52434af-28d5-466d-bf08-29d60934c9ac.jpeg",Yes
dairy bread eggs > milk,dairy bread eggs,milk,Amul Moti - Homogenised Toned Milk (Pouch 90 Days Shelf life),?32,1 pack (450 ml),"4.5
(98.1k)","https://cdn.zeptonow.com/production/tr:w-403,ar-1500-1500,pr-true,f-auto,q-40,dpr-2/cms/product_variant/0b462c8d-e38c-4b49-aab1-d8f57b8fb89c.jpeg",Yes
dairy bread eggs > milk,dairy bread eggs,milk,Gokul Taaza Toned Fresh Milk | Pouch,?56,1 pack (1 L),"5
(22.3k)","https://cdn.zeptonow.com/production/tr:w-403,ar-606-945,pr-true,f-auto,q-40,dpr-2/cms/product_variant/bcbc5542-7194-4e99-88d0-7afe0ddef188.png",Yes
dairy bread eggs > milk,dairy bread eggs,milk,Mother Dairy Full Cream Fresh Milk | Pouch,?35,1 pack (500 ml),"4.7
(174.9k)","https://cdn.zeptonow.com/production/tr:w-403,ar-2400-2400,pr-true,f-auto,q-40,dpr-2/cms/product_variant/22462d98-c262-4fad-aff6-f0e9a0dd23ce.jpeg",Yes
dairy bread eggs > milk,dairy bread eggs,milk,Nestle EveryDay Dairy Whitener,?129,1 pack (200 g),"4.9
(5.6k)","https://cdn.zeptonow.com/production/tr:w-403,ar-2400-2400,pr-true,f-auto,q-40,dpr-2/cms/product_variant/32f99f7d-ac33-4455-b611-08f505818067.jpeg",Yes
dairy bread eggs > milk,dairy bread eggs,milk,Amul Slim Trim Skimmed Milk (Tetra Pack),?82,1 pack (1 L),"4.9
(10.4k)","https://cdn.zeptonow.com/production/tr:w-403,ar-1200-1200,pr-true,f-auto,q-40,dpr-2/cms/product_variant/e42279d3-0d9c-44fb-a686-9895dc9c6bdf.jpeg",Yes
dairy bread eggs > milk,dairy bread eggs,milk,Humpy A2 Cow Fresh Milk | Pouch,"?43
?46",1 pack (500 ml),"4.5
(24.5k)","https://cdn.zeptonow.com/production/tr:w-403,ar-997-997,pr-true,f-auto,q-40,dpr-2/cms/product_variant/6f1cf679-1eb0-4461-96a1-27fabb6218e4.jpeg",Yes
dairy bread eggs > milk,dairy bread eggs,milk,Pride of Cows Farm Fresh Milk | Bottle,?85,1 pc (500 ml),"4.4
(2.4k)","https://cdn.zeptonow.com/production/tr:w-403,ar-1125-1125,pr-true,f-auto,q-40,dpr-2/cms/product_variant/c06c8a10-5cd2-4796-a8ec-9ba4a7f4ece1.jpeg",Yes
dairy bread eggs > milk,dairy bread eggs,milk,Amul Gold Homogenised Standardised Milk (Tetra Pack),?80,1 pack (1 L),"4.8
(32.0k)","https://cdn.zeptonow.com/production/tr:w-403,ar-1200-1200,pr-true,f-auto,q-40,dpr-2/cms/product_variant/dbeabd64-f310-49c8-9032-e25fc098ea86.jpeg",Yes
dairy bread eggs > milk,dairy bread eggs,milk,Amul Lactose Free Milk (Tetra Pack),?25,1 pack (250 ml),"4.8
(26.5k)","https://cdn.zeptonow.com/production/tr:w-403,ar-1200-1200,pr-true,f-auto,q-40,dpr-2/cms/product_variant/bb9facdf-f5ad-45e6-90bb-3568b9791d88.jpeg",Yes
dairy bread eggs > milk,dairy bread eggs,milk,Nestle A+ Slim Milk (Tetra Pack),?97,1 pack (1 L),"4.5
(691)","https://cdn.zeptonow.com/production/tr:w-403,ar-2400-2400,pr-true,f-auto,q-40,dpr-2/cms/product_variant/d0f7cb91-9302-47ea-a096-4412feb97092.jpeg",Yes
dairy bread eggs > milk,dairy bread eggs,milk,Nestle EveryDay Dairy Whitener,?255,1 pack (400 g),"4.8
(2.9k)","https://cdn.zeptonow.com/production/tr:w-403,ar-1000-1000,pr-true,f-auto,q-40,dpr-2/cms/product_variant/a1ad20ca-6859-4c0f-9955-521982e686bc.jpeg",Yes
dairy bread eggs > milk,dairy bread eggs,milk,Nandini Goodlife Gold UHT Milk (Tetra Pack),?78,1 pack (1 L),"4.7
(1.7k)","https://cdn.zeptonow.com/production/tr:w-403,ar-1021-1021,pr-true,f-auto,q-40,dpr-2/cms/product_variant/34868e7b-153d-4828-91e8-e33e0435205a.jpeg",Yes
dairy bread eggs > milk,dairy bread eggs,milk,Nandini Goodlife Toned Milk UHT (Tetra Pack Brick),?72,1 pack (1 L),"4.8
(27.4k)","https://cdn.zeptonow.com/production/tr:w-403,ar-1200-1200,pr-true,f-auto,q-40,dpr-2/cms/product_variant/935ea53e-1c67-4e00-8515-6ac65249c777.jpeg",Yes
dairy bread eggs > milk,dairy bread eggs,milk,Humpy Farms A2 UHT Cow Milk (Pouch),"?51
?55",1 pack (450 ml),"4.9
(4.7k)","https://cdn.zeptonow.com/production/tr:w-403,ar-1500-1500,pr-true,f-auto,q-40,dpr-2/cms/product_variant/9b942659-4420-49a5-9f37-4e41e47e395f.jpeg",Yes
dairy bread eggs > milk,dairy bread eggs,milk,Nestle a+ Toned Milk,?108,1 pack (1 L),"4.5
(536)","https://cdn.zeptonow.com/production/tr:w-403,ar-2000-2000,pr-true,f-auto,q-40,dpr-2/cms/product_variant/f2fdfc46-37f6-4a86-8bd7-4810a4aeb4bb.jpeg",Yes
dairy bread eggs > milk,dairy bread eggs,milk,Go Daily Double Tonned Milk Tetra Pack,"?65
?75",1 pc (1 L),"4.8
(100)","https://cdn.zeptonow.com/production/tr:w-403,ar-900-900,pr-true,f-auto,q-40,dpr-2/cms/product_variant/43be4f98-e8c9-46e4-8e1f-45b27041ce70.jpg",Yes
dairy bread eggs > milk,dairy bread eggs,milk,Amul Taaza Toned Fresh Milk (Pouch) Combo,?87,3 x 500 ml,"4.4
(941)","https://cdn.zeptonow.com/production/tr:w-403,ar-2352-2352,pr-true,f-auto,q-40,dpr-2/cms/product_variant/7757bf89-8f15-4f10-9b00-10e1be5d0712.jpg",Yes
dairy bread eggs > milk,dairy bread eggs,milk,Amul Taaza Homogenised Toned Milk (Tetra Pack) Combo,?32,2 x 200 ml,"4.7
(215)","https://cdn.zeptonow.com/production/tr:w-403,ar-1500-1500,pr-true,f-auto,q-40,dpr-2/cms/product_variant/51ee476a-acd7-4626-92c5-8af024b42cf0.jpeg",Yes
dairy bread eggs > milk,dairy bread eggs,milk,Amul Taaza Homogenised Toned Milk (Tetra Pack) Combo,"?48
?49.5",3 x 200 ml,"4.2
(504)","https://cdn.zeptonow.com/production/tr:w-403,ar-1200-1200,pr-true,f-auto,q-40,dpr-2/cms/product_variant/bc31da11-0813-419a-b774-0c738d023d1c.jpg",Yes
dairy bread eggs > breads buns,dairy bread eggs,breads buns,Britannia Vitarich Sandwich Premium White Bread,"?36
?40",1 pack (350 g),"4.5
(70.8k)","https://cdn.zeptonow.com/production/tr:w-403,ar-1200-1200,pr-true,f-auto,q-40,dpr-2/cms/product_variant/45d38adb-d0b0-4d8d-bd47-be99c41b843e.jpeg",Yes
dairy bread eggs > breads buns,dairy bread eggs,breads buns,Modern Sandwich Supreme White Bread,"?35
?40",1 pack (400 g),"4.8
(99.6k)","https://cdn.zeptonow.com/production/tr:w-403,ar-2000-2000,pr-true,f-auto,q-40,dpr-2/cms/product_variant/e7cc4b4d-2371-4316-8b60-b66054215754.jpeg",Yes
dairy bread eggs > breads buns,dairy bread eggs,breads buns,"Modern 100% Whole Wheat Bread (Zero Maida, No trans fat)","?48
?55",1 pack (400 g),"4.6
(153.9k)","https://cdn.zeptonow.com/production/tr:w-403,ar-2400-2400,pr-true,f-auto,q-40,dpr-2/cms/product_variant/d54c8d9d-5cb6-4af2-b773-4fc4024851ce.jpeg",Yes
dairy bread eggs > breads buns,dairy bread eggs,breads buns,Britannia Fruit Bun,?9,1 pack (70 g),"4.9
(44.8k)","https://cdn.zeptonow.com/production/tr:w-403,ar-1000-1000,pr-true,f-auto,q-40,dpr-2/cms/product_variant/2e21e3a5-eed5-403f-a3a9-eb5eec883896.jpeg",Yes
dairy bread eggs > breads buns,dairy bread eggs,breads buns,English Oven Sandwich White Bread,"?32
?40",1 pack (400 g),"4.5
(42.3k)","https://cdn.zeptonow.com/production/tr:w-403,ar-2400-2400,pr-true,f-auto,q-40,dpr-2/cms/product_variant/db78968c-e19c-405d-a7d6-0a416c023074.jpeg",Yes
dairy bread eggs > breads buns,dairy bread eggs,breads buns,Modern Cremtreat Vanilla Cream Bun,?9,1 pc (50 g),"4.6
(78.8k)","https://cdn.zeptonow.com/production/tr:w-403,ar-909-949,pr-true,f-auto,q-40,dpr-2/cms/product_variant/6b942814-1c6d-4464-8d47-e4752bd8c594.jpg",Yes
dairy bread eggs > breads buns,dairy bread eggs,breads buns,Britannia 100% Whole Wheat Bread (No Maida),"?49
?55",1 pack (400 g),"4.9
(48.0k)","https://cdn.zeptonow.com/production/tr:w-403,ar-1000-1000,pr-true,f-auto,q-40,dpr-2/cms/product_variant/ca8307bf-565f-4d0a-a87c-ecef667c565e.jpeg",Yes
dairy bread eggs > breads buns,dairy bread eggs,breads buns,Britannia Pav,?24,1 pack (250 g),"4.2
(14.9k)","https://cdn.zeptonow.com/production/tr:w-403,ar-1000-1000,pr-true,f-auto,q-40,dpr-2/cms/product_variant/8d11c9b6-060a-4554-944d-64560482e8c0.jpeg",Yes
dairy bread eggs > breads buns,dairy bread eggs,breads buns,"The Health Factory Zero Maida Whole Wheat Bread | Clean Label, Not Brown","?58
?65",1 pack (350 g),"4.8
(85.4k)","https://cdn.zeptonow.com/production/tr:w-403,ar-1200-1200,pr-true,f-auto,q-40,dpr-2/cms/product_variant/9ec3963a-b8f7-437d-b1b2-a3e04fe2f62c.jpeg",Yes
dairy bread eggs > breads buns,dairy bread eggs,breads buns,Modern Wow Pav,"?28
?30",1 pack (280 g),"4.4
(18.4k)","https://cdn.zeptonow.com/production/tr:w-403,ar-2400-2400,pr-true,f-auto,q-40,dpr-2/cms/product_variant/6fce2ede-a2ae-4317-b6d3-b1ef04c69fb9.jpeg",Yes
dairy bread eggs > breads buns,dairy bread eggs,breads buns,Modern- Brown Bread (No trans Fat ),"?36
?50",1 pack (400 g),"4.7
(27.7k)","https://cdn.zeptonow.com/production/tr:w-403,ar-2000-2000,pr-true,f-auto,q-40,dpr-2/cms/product_variant/70794b77-a6da-46e2-a800-3ce9e37a842e.jpeg",Yes
dairy bread eggs > breads buns,dairy bread eggs,breads buns,Modern Multigrain Bread - 13 Grains & Seeds (Zero Maida),"?57
?60",1 pack (400 g),"4.6
(24.1k)","https://cdn.zeptonow.com/production/tr:w-403,ar-1200-1200,pr-true,f-auto,q-40,dpr-2/cms/product_variant/c9c102e5-467a-4eb4-9612-e96c947f99c1.jpeg",Yes
dairy bread eggs > breads buns,dairy bread eggs,breads buns,English Oven Milk Bread,?45,1 pack (400 g),"4.6
(33.2k)","https://cdn.zeptonow.com/production/tr:w-403,ar-2926-2926,pr-true,f-auto,q-40,dpr-2/cms/product_variant/93db845e-dc43-4639-8ef0-65e17f9b7062.jpeg",Yes
dairy bread eggs > breads buns,dairy bread eggs,breads buns,English Oven Zero Maida 100% Whole Wheat Bread,"?48
?55",1 pack (400 g),"4.5
(21.2k)","https://cdn.zeptonow.com/production/tr:w-403,ar-2250-2250,pr-true,f-auto,q-40,dpr-2/cms/product_variant/6c6e3e1b-999f-40e8-94d3-0af0e99ae782.jpg",Yes
dairy bread eggs > breads buns,dairy bread eggs,breads buns,Britannia Brown Bread,"?45
?50",1 pack (400 g),"4.8
(45.0k)","https://cdn.zeptonow.com/production/tr:w-403,ar-1000-1000,pr-true,f-auto,q-40,dpr-2/cms/product_variant/6d9958dd-80a7-44ce-9a19-caa315e63b47.jpeg",Yes
dairy bread eggs > breads buns,dairy bread eggs,breads buns,English Oven Zero Maida Multigrain Bread,?60,1 pack (400 g),"4.6
(28.3k)","https://cdn.zeptonow.com/production/tr:w-403,ar-2250-2250,pr-true,f-auto,q-40,dpr-2/cms/product_variant/59e8e6e4-1410-442c-94b6-996c4c6a8c7d.jpg",Yes
dairy bread eggs > breads buns,dairy bread eggs,breads buns,Britannia Breakfast Slice White Bread,?50,1 pack (450 g),"4.9
(46.1k)","https://cdn.zeptonow.com/production/tr:w-403,ar-1000-1000,pr-true,f-auto,q-40,dpr-2/cms/product_variant/93bb1855-8579-42af-ad6f-f0a1d56db39d.jpeg",Yes
dairy bread eggs > breads buns,dairy bread eggs,breads buns,Modern Fruity Bread,?24,1 pack (200 g),"4.9
(12.3k)","https://cdn.zeptonow.com/production/tr:w-403,ar-1000-1000,pr-true,f-auto,q-40,dpr-2/cms/product_variant/0cbbe224-cee4-43eb-924c-48805d1058ff.jpeg",Yes
dairy bread eggs > breads buns,dairy bread eggs,breads buns,"The Health Factory Zero Maida Multigrain Bread | Clean Label, Not Brown","?60
?70",1 pack (250 g),"4.4
(21.2k)","https://cdn.zeptonow.com/production/tr:w-403,ar-1200-1200,pr-true,f-auto,q-40,dpr-2/cms/product_variant/94490b6e-b059-43c5-b391-96b0bdffe05d.jpeg",Yes
dairy bread eggs > breads buns,dairy bread eggs,breads buns,"The Health Factory Zero Maida Multigrain Bread | Clean Label, Not Brown","?74
?80",1 pack (375 g),"4.5
(5.6k)","https://cdn.zeptonow.com/production/tr:w-403,ar-1200-1200,pr-true,f-auto,q-40,dpr-2/cms/product_variant/2f2814b6-3e55-4803-bbf7-cfb4a3a7430b.jpeg",Yes
dairy bread eggs > breads buns,dairy bread eggs,breads buns,"The Health Factory Zero Maida Pizza Base | Clean Label, Not Brown","?34
?38",1 pack (140 g),"4.8
(13.4k)","https://cdn.zeptonow.com/production/tr:w-403,ar-1200-1200,pr-true,f-auto,q-40,dpr-2/cms/product_variant/176e1c58-168e-417b-83aa-952df4760f08.jpeg",Yes
dairy bread eggs > breads buns,dairy bread eggs,breads buns,"The Health Factory Zero Maida Milk Bread | Clean Label, Not Brown","?52
?60",1 pack (250 g),"4.4
(19.6k)","https://cdn.zeptonow.com/production/tr:w-403,ar-1200-1200,pr-true,f-auto,q-40,dpr-2/cms/product_variant/40ff3bd4-120d-4318-a7b2-273c6b80e9cd.jpeg",Yes
dairy bread eggs > breads buns,dairy bread eggs,breads buns,Protein Chef 5 Super Foods Multigrain Bread (54 g Protein / Zero Maida / Premium Brown Atta Bread),"?66
?69",1 pack (270 g),"4.3
(12.3k)","https://cdn.zeptonow.com/production/tr:w-403,ar-1279-1280,pr-true,f-auto,q-40,dpr-2/cms/product_variant/0477cc72-b8f8-4abb-9ea1-9ce5e3a3443e.jpeg",Yes
dairy bread eggs > breads buns,dairy bread eggs,breads buns,Modern Sandwich Supreme White Bread,"?71
?78",1 pack (800 g),"4.8
(13.0k)","https://cdn.zeptonow.com/production/tr:w-403,ar-2000-2000,pr-true,f-auto,q-40,dpr-2/cms/product_variant/6a2093ca-071d-4f48-a98f-83a44b8bd405.jpeg",Yes
dairy bread eggs > breads buns,dairy bread eggs,breads buns,Theobroma 100% Whole Wheat Bread,"?60
?70",1 pack (350 g),"4.4
(2.2k)","https://cdn.zeptonow.com/production/tr:w-403,ar-998-998,pr-true,f-auto,q-40,dpr-2/cms/product_variant/4f164bab-4c6c-48ac-be52-f3decacef12d.jpg",Yes
dairy bread eggs > breads buns,dairy bread eggs,breads buns,Britannia Fruit Bread,?24,1 pack (200 g),"4.6
(32.7k)","https://cdn.zeptonow.com/production/tr:w-403,ar-1000-1000,pr-true,f-auto,q-40,dpr-2/cms/product_variant/1e58aee6-9dfa-43a6-a8df-20d3ac3485ec.jpeg",Yes
dairy bread eggs > breads buns,dairy bread eggs,breads buns,"The Health Factory Zero Maida Bombay Pav (Pack of 4) | Clean Label, Not Brown","?38
?40",1 pack (4 pcs),"4.6
(21.7k)","https://cdn.zeptonow.com/production/tr:w-403,ar-1200-1200,pr-true,f-auto,q-40,dpr-2/cms/product_variant/1d65809f-fec4-4399-8cb9-bb0caf6f99ff.jpeg",Yes
dairy bread eggs > breads buns,dairy bread eggs,breads buns,Theobroma Multigrain Bread,"?60
?70",1 pack (250 g),"4.7
(1.3k)","https://cdn.zeptonow.com/production/tr:w-403,ar-998-998,pr-true,f-auto,q-40,dpr-2/cms/product_variant/9baff20d-74e4-4134-97ef-9a1a2d0cd539.jpg",Yes
dairy bread eggs > breads buns,dairy bread eggs,breads buns,"The Health Factory Zero Maida Protein Bread | Clean Label, Not Brown","?72
?85",1 pack (250 g),"4.4
(9.4k)","https://cdn.zeptonow.com/production/tr:w-403,ar-1200-1200,pr-true,f-auto,q-40,dpr-2/cms/product_variant/7f8bd903-85ef-4749-89d6-0020764b1178.jpeg",Yes
dairy bread eggs > breads buns,dairy bread eggs,breads buns,"The Health Factory Zero Maida Burger Bun (Pack of 4) | Clean Label, Not Brown","?65
?68",1 pack (225 g or 240 g),"4.8
(647)","https://cdn.zeptonow.com/production/tr:w-403,ar-1200-1200,pr-true,f-auto,q-40,dpr-2/cms/product_variant/ca2efa23-be36-41d8-be0e-1b218339cb49.jpeg",Yes
dairy bread eggs > breads buns,dairy bread eggs,breads buns,Britannia Pav Combo,"?72
?75",3 x 250 g,"4.2
(231)","https://cdn.zeptonow.com/production/tr:w-403,ar-1500-1500,pr-true,f-auto,q-40,dpr-2/cms/product_variant/f0ae9a28-d410-4b4b-9f55-0fd801bfc787.jpeg",Yes
dairy bread eggs > breads buns,dairy bread eggs,breads buns,Modern Supreme Burger Bun Combo,?80,2 x 280 g,"4.2
(460)","https://cdn.zeptonow.com/production/tr:w-403,ar-1500-1500,pr-true,f-auto,q-40,dpr-2/cms/product_variant/d0ca7a01-ed3a-4577-9d00-bff736e619ef.jpeg",Yes
dairy bread eggs > indian breads,dairy bread eggs,indian breads,iD Fresh Malabar Parota,"?79
?103",1 pack (5 x 80 g),"4.6
(57.8k)","https://cdn.zeptonow.com/production/tr:w-403,ar-1200-1200,pr-true,f-auto,q-40,dpr-2/cms/product_variant/65a31aa3-81f9-4184-9531-122feed06451.jpeg",Yes
dairy bread eggs > indian breads,dairy bread eggs,indian breads,Britannia Atta Kulcha Bread (5 pcs),"?38
?40",1 pack (250 g),"4.6
(8.1k)","https://cdn.zeptonow.com/production/tr:w-403,ar-1000-1000,pr-true,f-auto,q-40,dpr-2/cms/product_variant/9eecc8d1-46d7-4c91-81da-5225c6f43bca.jpeg",Yes
dairy bread eggs > indian breads,dairy bread eggs,indian breads,Britannia Kulcha,"?38
?40",1 pack (200 g),"4.6
(1.3k)","https://cdn.zeptonow.com/production/tr:w-403,ar-2400-2400,pr-true,f-auto,q-40,dpr-2/cms/product_variant/e9651e71-56a1-49cb-8472-f32b41bda233.jpg",Yes
dairy bread eggs > indian breads,dairy bread eggs,indian breads,Modern 100% Whole Wheat Chapathi,"?57
?60",1 pack (450 g),"4.6
(11.1k)","https://cdn.zeptonow.com/production/tr:w-403,ar-2000-2000,pr-true,f-auto,q-40,dpr-2/cms/product_variant/3e2ecefe-8679-4ea6-97f0-2d99bc102e5f.jpeg",Yes
dairy bread eggs > indian breads,dairy bread eggs,indian breads,iD Fresh Wheat Lachha Paratha,"?95
?108",1 pack (5 x 80 g),"4.5
(14.8k)","https://cdn.zeptonow.com/production/tr:w-403,ar-1080-1080,pr-true,f-auto,q-40,dpr-2/cms/product_variant/18cbda9f-e89d-48c1-b202-ec44a2b25a6e.jpg",Yes
dairy bread eggs > indian breads,dairy bread eggs,indian breads,iD Fresh Whole Wheat Chapati (10 pieces),?77,1 pack (400 g),"4.5
(27.5k)","https://cdn.zeptonow.com/production/tr:w-403,ar-1080-1080,pr-true,f-auto,q-40,dpr-2/cms/product_variant/a5f074d1-658c-418c-aa80-11ff29b31fd4.png",Yes
dairy bread eggs > indian breads,dairy bread eggs,indian breads,The Baker's Dozen Zero Maida Chapati made from atta | Wheat Chapati | Ready to Eat | Ready to Cook,"?47
?55",1 pack (180 g),"4.2
(1.1k)","https://cdn.zeptonow.com/production/tr:w-403,ar-1000-1000,pr-true,f-auto,q-40,dpr-2/cms/product_variant/48f3200c-dfbd-4d24-8c1d-969ea126b9cb.jpeg",Yes
dairy bread eggs > indian breads,dairy bread eggs,indian breads,iD Fresh Puran Poli | Pouch,"?47
?70",1 pack (150 g),"4.2
(509)","https://cdn.zeptonow.com/production/tr:w-403,ar-1000-1000,pr-true,f-auto,q-40,dpr-2/cms/product_variant/f8d31b35-68cb-4cf4-8c91-cd1ad6b3d232.jpeg",Yes
dairy bread eggs > indian breads,dairy bread eggs,indian breads,iD Fresh Protein-Rich Parota,"?92
?120",1 pack (4 pcs),"4.7
(835)","https://cdn.zeptonow.com/production/tr:w-403,ar-1000-1000,pr-true,f-auto,q-40,dpr-2/cms/product_variant/be73b647-4179-4421-bbc7-8ad1e99f0a91.jpeg",Yes
dairy bread eggs > indian breads,dairy bread eggs,indian breads,iD Fresh Homestyle Whole Wheat Paratha,"?70
?83",1 pack (325 g),"4.4
(7.8k)","https://cdn.zeptonow.com/production/tr:w-403,ar-1200-1200,pr-true,f-auto,q-40,dpr-2/cms/product_variant/1e6eea9a-e28d-4136-9279-28b46f13c01e.jpg",Yes
dairy bread eggs > indian breads,dairy bread eggs,indian breads,Ammamma's Whole Wheat Chapati,"?66
?78",400 g,"4.2
(6.9k)","https://cdn.zeptonow.com/production/tr:w-403,ar-1000-1000,pr-true,f-auto,q-40,dpr-2/cms/product_variant/4ef7747b-1abe-4d2a-a3f6-3ac8eb4723dd.jpeg",Yes
dairy bread eggs > indian breads,dairy bread eggs,indian breads,"The Health Factory Zero Maida Kulcha Bread | Clean Label, Not Brown","?43
?45",1 pack (210 g),"4.4
(2.1k)","https://cdn.zeptonow.com/production/tr:w-403,ar-1200-1200,pr-true,f-auto,q-40,dpr-2/cms/product_variant/a77dc184-6d6d-48cd-ba05-a10ec4e0ea5f.jpeg",Yes
dairy bread eggs > indian breads,dairy bread eggs,indian breads,Ammamma's Methi Chapati,"?70
?94",1 pack (10 pcs),"4.6
(4.7k)","https://cdn.zeptonow.com/production/tr:w-0.98,h-0.98,f-auto/cms/product_variant/0750f084-d9dd-4fba-8ce1-7355188959dd.jpeg",Yes
dairy bread eggs > indian breads,dairy bread eggs,indian breads,iD Fresh Methi Thepla (Ready To Eat),"?71
?75",1 pack (5 pcs),"4.3
(620)","https://cdn.zeptonow.com/production/tr:w-403,ar-4167-4167,pr-true,f-auto,q-40,dpr-2/cms/product_variant/2da8e30e-c9b7-42bb-b0d0-24a3d3cf4f0f.jpeg",Yes
dairy bread eggs > indian breads,dairy bread eggs,indian breads,iD Fresh Nool Parota,"?55
?58",1 pack (2 x 80 g),"4.3
(2.4k)","https://cdn.zeptonow.com/production/tr:w-403,ar-1080-1080,pr-true,f-auto,q-40,dpr-2/cms/product_variant/45741239-a779-4887-9a05-53574177271c.jpg",Yes
dairy bread eggs > indian breads,dairy bread eggs,indian breads,iD Fresh Chilli Parota,"?44
?60",1 pack (2 x 80 g),"4.4
(662)","https://cdn.zeptonow.com/production/tr:w-403,ar-540-540,pr-true,f-auto,q-40,dpr-2/cms/product_variant/6f1764b7-c11b-44ae-99cd-1b30150ce87c.jpg",Yes
dairy bread eggs > indian breads,dairy bread eggs,indian breads,iD Fresh Peri Peri Parota,"?44
?60",1 pack (2 x 80 g),"4.5
(753)","https://cdn.zeptonow.com/production/tr:w-403,ar-540-540,pr-true,f-auto,q-40,dpr-2/cms/product_variant/32af48fd-3add-457a-b799-0112a83a5831.jpg",Yes
dairy bread eggs > indian breads,dairy bread eggs,indian breads,iD Fresh Italian Herbs Parota,"?57
?60",1 pack (2 x 80 g),"4.4
(502)","https://cdn.zeptonow.com/production/tr:w-403,ar-540-540,pr-true,f-auto,q-40,dpr-2/cms/product_variant/b3427fda-f0e2-4d0a-b225-6a793f172c0c.jpg",Yes
dairy bread eggs > indian breads,dairy bread eggs,indian breads,iD Fresh Protein-Rich Chapati,"?75
?100",1 pack (8 pcs),"3.9
(118)","https://cdn.zeptonow.com/production/tr:w-403,ar-1000-1000,pr-true,f-auto,q-40,dpr-2/cms/product_variant/e5e478a7-5e2a-435f-b4c8-051aec887eb3.jpeg",Yes
dairy bread eggs > indian breads,dairy bread eggs,indian breads,iD Malabar Parota Combo,"?158
?206",2 x 400 g,"4.5
(201)","https://cdn.zeptonow.com/production/tr:w-403,ar-1500-1500,pr-true,f-auto,q-40,dpr-2/cms/product_variant/8f3d9e57-0a53-4a2e-afe7-edafa4a75101.jpeg",Yes
dairy bread eggs > indian breads,dairy bread eggs,indian breads,iD Wheat Lachha Paratha Combo,"?190
?216",2 x 400 g,"4.5
(760)","https://cdn.zeptonow.com/production/tr:w-403,ar-1000-1000,pr-true,f-auto,q-40,dpr-2/cms/product_variant/d2a1f3ee-bd7b-4751-81dd-2812cc9258ba.jpeg",Yes
dairy bread eggs > indian breads,dairy bread eggs,indian breads,iD Homestyle Whole Wheat Paratha Combo,"?140
?166",2 x 325 g,"4.3
(948)","https://cdn.zeptonow.com/production/tr:w-403,ar-1500-1500,pr-true,f-auto,q-40,dpr-2/cms/product_variant/f4db7e01-fa2a-45b1-8aec-80d9d69b6774.jpeg",Yes
dairy bread eggs > indian breads,dairy bread eggs,indian breads,iD Whole Wheat Chapati (10 pieces) Combo,?154,2 x 400 g,"4.5
(209)","https://cdn.zeptonow.com/production/tr:w-403,ar-1494-1494,pr-true,f-auto,q-40,dpr-2/cms/product_variant/9c3cffaa-bab6-4889-8584-3866b86419bb.jpg",Yes
dairy bread eggs > indian breads,dairy bread eggs,indian breads,Britannia Atta Kulcha Bread (5 pcs) Combo,"?76
?80",2 x 250 g,"4.3
(750)","https://cdn.zeptonow.com/production/tr:w-403,ar-1500-1500,pr-true,f-auto,q-40,dpr-2/cms/product_variant/ee74b5bc-685a-4c82-9d3a-57942970fb5e.jpeg",Yes
dairy bread eggs > indian breads,dairy bread eggs,indian breads,Elanadu Malabar Porotta,"?76
?80",400 g,"4.7
(534)","https://cdn.zeptonow.com/production/tr:w-403,ar-3000-3000,pr-true,f-auto,q-40,dpr-2/cms/product_variant/e246e871-60a1-410c-bcaf-4b0c3f526142.jpg",Yes
dairy bread eggs > indian breads,dairy bread eggs,indian breads,Elite Poori,"?48
?50",1 pack (16 pcs),"4.8
(1.0k)","https://cdn.zeptonow.com/production/tr:w-403,ar-1000-1000,pr-true,f-auto,q-40,dpr-2/cms/product_variant/94c6629b-e651-474e-9f47-fb85f17b8cea.jpg",Yes
dairy bread eggs > indian breads,dairy bread eggs,indian breads,iD Malabar Parota,"?79
?103",400 g,"4.4
(174)","https://cdn.zeptonow.com/production/tr:w-403,ar-1176-1176,pr-true,f-auto,q-40,dpr-2/cms/product_variant/d910f14f-fb1f-48c9-bcd4-bc2faebcccc1.jpeg",Yes
dairy bread eggs > indian breads,dairy bread eggs,indian breads,The Baker's Dozen Zero Maida Chapati Combo,"?90
?110",230 g X 2,"4.4
(861)","https://cdn.zeptonow.com/production/tr:w-403,ar-1500-1500,pr-true,f-auto,q-40,dpr-2/cms/product_variant/958539a9-c846-405b-8fef-b73ca94f82e2.jpeg",Yes
dairy bread eggs > indian breads,dairy bread eggs,indian breads,Ammamma's Methi Chapati Combo,"?140
?188",10 pc X 2,"4.3
(799)","https://cdn.zeptonow.com/production/tr:w-403,ar-1200-1200,pr-true,f-auto,q-40,dpr-2/cms/product_variant/8fb68d3f-c95e-4776-bd4e-9f8085960bc5.jpeg",Yes
dairy bread eggs > indian breads,dairy bread eggs,indian breads,iD Peri Peri Parota Combo,"?88
?120",2 x 160 g,"4.3
(442)","https://cdn.zeptonow.com/production/tr:w-403,ar-1200-1200,pr-true,f-auto,q-40,dpr-2/cms/product_variant/410431e3-6b48-400f-bb2c-b8f3b9c39207.jpeg",Yes
dairy bread eggs > indian breads,dairy bread eggs,indian breads,iD Chilli Parota Combo,"?88
?120",2 x 160 g,"4.4
(417)","https://cdn.zeptonow.com/production/tr:w-403,ar-1500-1500,pr-true,f-auto,q-40,dpr-2/cms/product_variant/b4dda78d-13ce-45d1-a866-9c04c24482c6.jpeg",Yes
dairy bread eggs > indian breads,dairy bread eggs,indian breads,iD Thepla Combo,"?152
?160",200 g X 2,"4.3
(249)","https://cdn.zeptonow.com/production/tr:w-403,ar-1500-1500,pr-true,f-auto,q-40,dpr-2/cms/product_variant/15fd46a6-08f9-46a2-a08e-4cb92dc41e95.jpeg",Yes
dairy bread eggs > yogurt shrikhand,dairy bread eggs,yogurt shrikhand,Milky Mist Skyr,"?299
?350",1 pc (700 g),"4.8
(673)","https://cdn.zeptonow.com/production/tr:w-403,ar-1600-1600,pr-true,f-auto,q-40,dpr-2/cms/product_variant/972bc091-ef0d-463e-8a9a-86d2affffeb8.jpg",Yes
dairy bread eggs > yogurt shrikhand,dairy bread eggs,yogurt shrikhand,Milky Mist Greek Yogurt,"?293
?325",1 pc (700 g),"4.6
(1.4k)","https://cdn.zeptonow.com/production/tr:w-403,ar-1600-1600,pr-true,f-auto,q-40,dpr-2/cms/product_variant/c9f7b448-28aa-4f83-bef8-b885f657190c.jpg",Yes
dairy bread eggs > yogurt shrikhand,dairy bread eggs,yogurt shrikhand,Epigamia Greek Yogurt- Natural,"?185
?250",1 pc (400 g),"4.5
(3.1k)","https://cdn.zeptonow.com/production/tr:w-403,ar-1200-1200,pr-true,f-auto,q-40,dpr-2/cms/product_variant/5decbfc8-21f9-42e6-a731-a423c55140d6.jpg",Yes
dairy bread eggs > yogurt shrikhand,dairy bread eggs,yogurt shrikhand,Milky Mist Skyr,"?145
?160",1 pc (225 g),"4.5
(426)","https://cdn.zeptonow.com/production/tr:w-403,ar-1600-1600,pr-true,f-auto,q-40,dpr-2/cms/product_variant/38541ac9-346e-4d6e-bb81-90dc007519f4.jpg",Yes
dairy bread eggs > yogurt shrikhand,dairy bread eggs,yogurt shrikhand,"epigamia 15 g Protein Turbo Yogurt, Strawberry",?124,1 pc (140 g),"4.6
(674)","https://cdn.zeptonow.com/production/tr:w-403,ar-1500-1500,pr-true,f-auto,q-40,dpr-2/cms/product_variant/cc32d881-c6ce-4153-9a81-a2997540854e.jpeg",Yes
dairy bread eggs > yogurt shrikhand,dairy bread eggs,yogurt shrikhand,Milky Mist Greek Yogurt,"?105
?120",1 pc (225 g),"5
(2.1k)","https://cdn.zeptonow.com/production/tr:w-403,ar-1600-1600,pr-true,f-auto,q-40,dpr-2/cms/product_variant/060e7a62-dc32-4094-97bb-cbfebb4c6b5c.jpg",Yes
dairy bread eggs > yogurt shrikhand,dairy bread eggs,yogurt shrikhand,Anant Halwai Kesar Shrikhand,"?133
?140",1 pc (250 g),"4.5
(116)","https://cdn.zeptonow.com/production/tr:w-403,ar-2692-1795,pr-true,f-auto,q-40,dpr-2/cms/product_variant/22100610-6a07-4d4f-b977-39c3328d6c4d.jpeg",Yes
dairy bread eggs > yogurt shrikhand,dairy bread eggs,yogurt shrikhand,Epigamia Greek Yogurt- Natural,"?46
?60",1 pc (85 g),"4.6
(11.8k)","https://cdn.zeptonow.com/production/tr:w-403,ar-1500-1500,pr-true,f-auto,q-40,dpr-2/cms/product_variant/d7ddbec8-fc31-4402-80c6-fd2b7f718c5a.jpg",Yes
dairy bread eggs > yogurt shrikhand,dairy bread eggs,yogurt shrikhand,Anant Halwai Amrakhand,"?133
?140",1 pc (250 g),"4.2
(107)","https://cdn.zeptonow.com/production/tr:w-403,ar-2692-1795,pr-true,f-auto,q-40,dpr-2/cms/product_variant/8ca83cc3-addd-4569-b6f6-bd10e28deac0.jpeg",Yes
dairy bread eggs > yogurt shrikhand,dairy bread eggs,yogurt shrikhand,Epigamia Greek Yogurt Blueberry,"?46
?60",1 pc (85 g),"4.8
(11.1k)","https://cdn.zeptonow.com/production/tr:w-403,ar-1500-1500,pr-true,f-auto,q-40,dpr-2/cms/product_variant/4b88c53c-5bb2-417b-bf3c-0a035aba1955.jpg",Yes
dairy bread eggs > yogurt shrikhand,dairy bread eggs,yogurt shrikhand,Chitale Full Cream Shrikhand Amba (Mango),"?145
?158",1 pc (500 g),"4.7
(3.4k)","https://cdn.zeptonow.com/production/tr:w-403,ar-900-728,pr-true,f-auto,q-40,dpr-2/inventory/product/cf22db54-e193-466e-8082-2c83321fc2ce-1yoM4xrDqQ3UVBQriM0l2OLamK1EEH9q_.jpeg",Yes
dairy bread eggs > yogurt shrikhand,dairy bread eggs,yogurt shrikhand,Epigamia Greek Yogurt- Alphonso Mango,"?46
?60",1 pc (85 g),"4.4
(4.2k)","https://cdn.zeptonow.com/production/tr:w-403,ar-1500-1500,pr-true,f-auto,q-40,dpr-2/cms/product_variant/76f57a62-a793-4a35-816f-6a8f91b4a8b5.jpg",Yes
dairy bread eggs > yogurt shrikhand,dairy bread eggs,yogurt shrikhand,Epigamia 17g Protein Turbo Yogurt Natural,"?123
?125",1 pc (140 g),"4.4
(1.2k)","https://cdn.zeptonow.com/production/tr:w-403,ar-1500-1500,pr-true,f-auto,q-40,dpr-2/cms/product_variant/ba15e04c-e827-4bf6-98dd-1d671669aae2.jpeg",Yes
dairy bread eggs > yogurt shrikhand,dairy bread eggs,yogurt shrikhand,Milky Mist Greek Yogurt,"?33
?55",1 pc (100 g),"4.7
(22.7k)","https://cdn.zeptonow.com/production/tr:w-403,ar-1600-1600,pr-true,f-auto,q-40,dpr-2/cms/product_variant/8644550e-4941-4a5b-9c37-4cb8fc327ed6.jpg",Yes
dairy bread eggs > yogurt shrikhand,dairy bread eggs,yogurt shrikhand,Epigamia Greek Yogurt- Strawberry,"?46
?60",1 pc (85 g),"4.9
(2.8k)","https://cdn.zeptonow.com/production/tr:w-403,ar-1500-1500,pr-true,f-auto,q-40,dpr-2/cms/product_variant/cd8cf41b-05db-4b91-81b4-d1c41680e83b.jpg",Yes
dairy bread eggs > yogurt shrikhand,dairy bread eggs,yogurt shrikhand,Amul Shrikhand Badam Pista,"?124
?130",1 pc (500 g),"4.6
(6.9k)","https://cdn.zeptonow.com/production/tr:w-403,ar-2400-2400,pr-true,f-auto,q-40,dpr-2/cms/product_variant/88be8b88-520e-47a2-86dd-aa4acac65b64.jpeg",Yes
dairy bread eggs > yogurt shrikhand,dairy bread eggs,yogurt shrikhand,Amul Mango Shrikhand,"?107
?115",1 pc (500 g),"4.7
(7.6k)","https://cdn.zeptonow.com/production/tr:w-403,ar-1500-1500,pr-true,f-auto,q-40,dpr-2/cms/product_variant/217b677a-7ac6-4c0c-8314-15c62179af2b.jpeg",Yes
dairy bread eggs > yogurt shrikhand,dairy bread eggs,yogurt shrikhand,Chitale Full Cream Shrikhand Keshar,"?145
?158",1 pc (500 g),"4.8
(1.8k)","https://cdn.zeptonow.com/production/tr:w-403,ar-2400-2400,pr-true,f-auto,q-40,dpr-2/cms/product_variant/66b2eb1f-caa1-4697-9abc-019c2fc81891.jpg",Yes
dairy bread eggs > yogurt shrikhand,dairy bread eggs,yogurt shrikhand,Amul Shrikhand Elaichi,"?109
?115",1 pc (500 g),"4.8
(11.1k)","https://cdn.zeptonow.com/production/tr:w-403,ar-1500-1500,pr-true,f-auto,q-40,dpr-2/cms/product_variant/e417b28d-beec-4c17-8535-8e60318539d0.jpeg",Yes
dairy bread eggs > yogurt shrikhand,dairy bread eggs,yogurt shrikhand,Amul Shrikhand Kesar,"?121
?130",1 pc (500 g),"4.5
(6.1k)","https://cdn.zeptonow.com/production/tr:w-403,ar-2400-2400,pr-true,f-auto,q-40,dpr-2/cms/product_variant/4f2cac0d-4209-4489-958b-bdb8c522ce61.jpeg",Yes
dairy bread eggs > yogurt shrikhand,dairy bread eggs,yogurt shrikhand,Anant Halwai Elaichi Shrikhand,"?119
?125",1 pc (250 g),"4.5
(114)","https://cdn.zeptonow.com/production/tr:w-403,ar-2692-1795,pr-true,f-auto,q-40,dpr-2/cms/product_variant/ea74cdf0-3c63-4071-84eb-6bb1881c9864.jpeg",Yes
dairy bread eggs > yogurt shrikhand,dairy bread eggs,yogurt shrikhand,Chitale Full Cream Shrikhand Elaichi,"?146
?153",1 pc (500 g),"4.9
(506)","https://cdn.zeptonow.com/production/tr:w-403,ar-2400-2400,pr-true,f-auto,q-40,dpr-2/cms/product_variant/0ffc674c-3a37-483e-9934-fc9dc62443bb.jpeg",Yes
dairy bread eggs > yogurt shrikhand,dairy bread eggs,yogurt shrikhand,Epigamia No Added Sugar Blueberry Yogurt,?69,1 pc (85 g),"4.5
(509)","https://cdn.zeptonow.com/production/tr:w-403,ar-1500-1500,pr-true,f-auto,q-40,dpr-2/cms/product_variant/d9eeaf36-35e3-4784-86c7-1b8bb5702f72.jpg",Yes
dairy bread eggs > yogurt shrikhand,dairy bread eggs,yogurt shrikhand,Chitale Full Cream Shrikhand Badam Pista,"?145
?158",1 pc (500 g),"4.6
(944)","https://cdn.zeptonow.com/production/tr:w-403,ar-1500-1500,pr-true,f-auto,q-40,dpr-2/cms/product_variant/c4e6dac7-60c4-49a0-a96d-e5a9a99f9133.jpeg",Yes
dairy bread eggs > yogurt shrikhand,dairy bread eggs,yogurt shrikhand,Chitale Full Cream Shrikhand Amba (Mango),"?78
?85",1 pc (250 g),"4.7
(1.9k)","https://cdn.zeptonow.com/production/tr:w-403,ar-2400-2400,pr-true,f-auto,q-40,dpr-2/cms/product_variant/40cfd646-9f80-4468-aa18-a3fbbdddbddc.jpeg",Yes
dairy bread eggs > yogurt shrikhand,dairy bread eggs,yogurt shrikhand,Chitale Full Cream Shrikhand Keshar,"?78
?85",1 pc (250 g),"4.8
(825)","https://cdn.zeptonow.com/production/tr:w-403,ar-1200-1200,pr-true,f-auto,q-40,dpr-2/cms/product_variant/ae62cdc3-d92b-4dfb-960d-bd647a8c7253.jpeg",Yes
dairy bread eggs > yogurt shrikhand,dairy bread eggs,yogurt shrikhand,Milky Mist Greek Yogurt Blueberry,"?46
?60",1 pc (100 g),"4.3
(1.1k)","https://cdn.zeptonow.com/production/tr:w-403,ar-1600-1600,pr-true,f-auto,q-40,dpr-2/cms/product_variant/9245ac61-587a-4857-ad96-eb5e2bca67b7.jpg",Yes
dairy bread eggs > yogurt shrikhand,dairy bread eggs,yogurt shrikhand,Milky Mist Fruit Yogurt Blueberry,"?24
?30",1 pc (100 g),"4.7
(40.1k)","https://cdn.zeptonow.com/production/tr:w-403,ar-1600-1600,pr-true,f-auto,q-40,dpr-2/cms/product_variant/91a60df8-5561-4e83-aaf0-9dc5f503d45d.jpeg",Yes
dairy bread eggs > yogurt shrikhand,dairy bread eggs,yogurt shrikhand,Warana Mango Shrikhand,"?128
?150",1 pc (500 g),"4.4
(34)","https://cdn.zeptonow.com/production/tr:w-403,ar-4512-3008,pr-true,f-auto,q-40,dpr-2/cms/product_variant/5495295c-a97c-4ea8-af41-f983e6749cca.jpg",Yes
dairy bread eggs > yogurt shrikhand,dairy bread eggs,yogurt shrikhand,Milky Mist Skyr,"?61
?75",1 pc (100 g),"4.8
(3.5k)","https://cdn.zeptonow.com/production/tr:w-403,ar-1200-1200,pr-true,f-auto,q-40,dpr-2/cms/product_variant/fa3d503c-6236-4f3d-bfa3-cd2d739fd9be.jpeg",Yes
dairy bread eggs > yogurt shrikhand,dairy bread eggs,yogurt shrikhand,Amul Real Mango Amrakhand,"?49
?52",1 pc (200 g),"4.5
(3.9k)","https://cdn.zeptonow.com/production/tr:w-403,ar-1200-1200,pr-true,f-auto,q-40,dpr-2/cms/product_variant/d9c1d946-9bdc-4ce6-9c36-2ddcd4b393f2.jpg",Yes
dairy bread eggs > yogurt shrikhand,dairy bread eggs,yogurt shrikhand,Amul Stirred Fruit Yoghurt- Strawberry,?30,1 pc (100 g),"4.5
(3.5k)","https://cdn.zeptonow.com/production/tr:w-403,ar-2400-2400,pr-true,f-auto,q-40,dpr-2/cms/product_variant/a5081a95-8925-4887-91de-d471a2422776.jpeg",Yes
